This is XeTeX, Version 3.141592653-2.6-0.999998 (TeX Live 2026) (preloaded format=xelatex 2026.6.27)  27 JUN 2026 21:13
entering extended mode
 restricted \write18 enabled.
 %&-line parsing enabled.
**main.tex
(./main.tex
LaTeX2e <2025-11-01>
L3 programming layer <2026-01-19>
(/usr/local/texlive/2026/texmf-dist/tex/latex/base/report.cls
Document Class: report 2025/01/22 v1.4n Standard LaTeX document class
(/usr/local/texlive/2026/texmf-dist/tex/latex/base/size12.clo
File: size12.clo 2025/01/22 v1.4n Standard LaTeX file (size option)
)
\c@part=\count271
\c@chapter=\count272
\c@section=\count273
\c@subsection=\count274
\c@subsubsection=\count275
\c@paragraph=\count276
\c@subparagraph=\count277
\c@figure=\count278
\c@table=\count279
\abovecaptionskip=\skip49
\belowcaptionskip=\skip50
\bibindent=\dimen148
)
(./Preamble/packages.tex
(/usr/local/texlive/2026/texmf-dist/tex/latex/fontspec/fontspec.sty
(/usr/local/texlive/2026/texmf-dist/tex/latex/l3packages/xparse/xparse.sty
(/usr/local/texlive/2026/texmf-dist/tex/latex/l3kernel/expl3.sty
Package: expl3 2026-01-19 L3 programming layer (loader) 

(/usr/local/texlive/2026/texmf-dist/tex/latex/l3backend/l3backend-xetex.def
File: l3backend-xetex.def 2025-10-09 L3 backend support: XeTeX
\g__graphics_track_int=\count280
\g__pdfannot_backend_int=\count281
\g__pdfannot_backend_link_int=\count282
))
Package: xparse 2025-10-09 L3 Experimental document command parser
)
Package: fontspec 2025/09/29 v2.9g Font selection for XeLaTeX and LuaLaTeX

(/usr/local/texlive/2026/texmf-dist/tex/latex/fontspec/fontspec-xetex.sty
Package: fontspec-xetex 2025/09/29 v2.9g Font selection for XeLaTeX and LuaLaTe
X
\l__fontspec_script_int=\count283
\l__fontspec_language_int=\count284
\l__fontspec_strnum_int=\count285
\l__fontspec_tmp_int=\count286
\l__fontspec_tmpa_int=\count287
\l__fontspec_tmpb_int=\count288
\l__fontspec_tmpc_int=\count289
\l__fontspec_em_int=\count290
\l__fontspec_emdef_int=\count291
\l__fontspec_strong_int=\count292
\l__fontspec_strongdef_int=\count293
\l__fontspec_tmpa_dim=\dimen149
\l__fontspec_tmpb_dim=\dimen150
\l__fontspec_tmpc_dim=\dimen151

(/usr/local/texlive/2026/texmf-dist/tex/latex/base/fontenc.sty
Package: fontenc 2025/07/18 v2.1d Standard LaTeX package
)
(/usr/local/texlive/2026/texmf-dist/tex/latex/fontspec/fontspec.cfg)))

Package fontspec Info: 
(fontspec)             Font family 'Helvetica(0)' created for font 'Helvetica'
(fontspec)             with options [Ligatures=TeX].
(fontspec)              
(fontspec)              This font family consists of the following NFSS
(fontspec)             series/shapes:
(fontspec)              
(fontspec)             - 'normal' (m/n) with NFSS spec.:
(fontspec)             <->"Helvetica/AAT:mapping=tex-text;"
(fontspec)             - 'bold' (b/n) with NFSS spec.:
(fontspec)             <->"Helvetica/B/AAT:mapping=tex-text;"
(fontspec)             - 'italic' (m/it) with NFSS spec.:
(fontspec)             <->"Helvetica/I/AAT:mapping=tex-text;"
(fontspec)             - 'bold italic' (b/it) with NFSS spec.:
(fontspec)             <->"Helvetica/BI/AAT:mapping=tex-text;"


(/usr/local/texlive/2026/texmf-dist/tex/latex/polyglossia/polyglossia.sty
Package: polyglossia 2025/12/01 v2.9 Modern multilingual typesetting with XeLaT
eX and LuaLaTeX

(/usr/local/texlive/2026/texmf-dist/tex/latex/etoolbox/etoolbox.sty
Package: etoolbox 2025/10/02 v2.5m e-TeX tools for LaTeX (JAW)
\etb@tempcnta=\count294
)
(/usr/local/texlive/2026/texmf-dist/tex/generic/iftex/iftex.sty
Package: iftex 2024/12/12 v1.0g TeX engine tests
)
\l_xpg_alias_keyvals_int=\count295

(/usr/local/texlive/2026/texmf-dist/tex/latex/polyglossia/gloss-latex.ldf
File: gloss-latex.ldf polyglossia: module for default language
))

Package fontspec Info: 
(fontspec)             Script 'Arabic' not explicitly supported within font
(fontspec)             'DecoType Naskh'. Check the typeset output, and if it
(fontspec)             is okay then ignore this warning. Otherwise a different
(fontspec)             font should be chosen.


Package fontspec Info: 
(fontspec)             Could not resolve font "DecoType Naskh/I" (it probably
(fontspec)             doesn't exist).


Package fontspec Info: 
(fontspec)             Could not resolve font "DecoType Naskh/BI" (it probably
(fontspec)             doesn't exist).


Package fontspec Info: 
(fontspec)             Could not resolve font "DecoType Naskh/I" (it probably
(fontspec)             doesn't exist).


Package fontspec Info: 
(fontspec)             Font family 'DecoTypeNaskh(0)' created for font
(fontspec)             'DecoType Naskh' with options
(fontspec)             [Script=Arabic,AutoFakeBold=2.5].
(fontspec)              
(fontspec)              This font family consists of the following NFSS
(fontspec)             series/shapes:
(fontspec)              
(fontspec)             - 'normal' (m/n) with NFSS spec.: <->"DecoType
(fontspec)             Naskh/OT:script=arab;language=dflt;"
(fontspec)             - 'bold' (b/n) with NFSS spec.: <->"DecoType
(fontspec)             Naskh/OT:script=arab;language=dflt;embolden=2.5;"


Package fontspec Info: 
(fontspec)             Script 'Arabic' not explicitly supported within font
(fontspec)             'DecoType Naskh'. Check the typeset output, and if it
(fontspec)             is okay then ignore this warning. Otherwise a different
(fontspec)             font should be chosen.


Package fontspec Info: 
(fontspec)             Script 'Arabic' not explicitly supported within font
(fontspec)             'DecoType Naskh'. Check the typeset output, and if it
(fontspec)             is okay then ignore this warning. Otherwise a different
(fontspec)             font should be chosen.


Package fontspec Info: 
(fontspec)             Could not resolve font "DecoType Naskh/BI" (it probably
(fontspec)             doesn't exist).


Package fontspec Info: 
(fontspec)             Could not resolve font "DecoType Naskh/B" (it probably
(fontspec)             doesn't exist).


Package fontspec Info: 
(fontspec)             Could not resolve font "DecoType Naskh/I" (it probably
(fontspec)             doesn't exist).


Package fontspec Info: 
(fontspec)             Font family 'DecoTypeNaskh(1)' created for font
(fontspec)             'DecoType Naskh' with options [Script=Arabic].
(fontspec)              
(fontspec)              This font family consists of the following NFSS
(fontspec)             series/shapes:
(fontspec)              
(fontspec)             - 'normal' (m/n) with NFSS spec.: <->"DecoType
(fontspec)             Naskh/OT:script=arab;language=dflt;"


(/usr/local/texlive/2026/texmf-dist/tex/latex/polyglossia/gloss-english.ldf
File: gloss-english.ldf polyglossia: module for English
)

Package polyglossia Info: Default language is english


(/usr/local/texlive/2026/texmf-dist/tex/latex/polyglossia/gloss-arabic.ldf
File: gloss-arabic.ldf polyglossia: module for Arabic

(/usr/local/texlive/2026/texmf-dist/tex/latex/bidi/bidi.sty
Package: bidi 2026/01/08 v26.01.08 (Release Iran) Bidirectional typesetting in 
plain TeX and LaTeX

****************************************************
* 
* bidi package (Bidirectional typesetting with
* plain TeX and LaTeX formats in XeTeX and LuaTeX engines)
* 
* Description: A convenient interface for
* typesetting bidirectional texts in plain TeX
* and LaTeX. The package includes adaptations
* for use with many other commonly-used packages.
* 
* Copyright (c) 2007--2026 Vafa Khalighi
* Copyright (c) 2018--2020 bidi-tex GitHub organization
* 
* v26.01.08 (Release Iran), 2026/01/08
* 
* License: LaTeX Project Public License, version
* 1.3c or higher (your choice)
* 
* Location on CTAN: /macros/unicodetex/generic/bidi
* 
* Issue tracker: https://github.com/xepersian/bidi/issues
* 
* Primary author of bidi package: Vafa Khalighi.
* 
****************************************************
(/usr/local/texlive/2026/texmf-dist/tex/latex/bidi/biditools.sty
Package: biditools 2025/12/19 v2.9 Programming tools for bidi package
\@bidi@envbody=\toks17
\@bidi@emptytoks=\toks18
\bidi@poscount=\count296
\bidi@tempcountb=\count297
\bidi@temptoksa=\toks19
\bidi@temptoksb=\toks20
\bidi@dummies=\count298
\bidi@are@these@correct=\toks21
\bidi@toks@lista=\toks22
\bidi@toks@listb=\toks23
\bidi@stack@length=\count299
\bidi@empty@stack=\toks24
\bidi@looprepeat@depth=\count300
)
(/usr/local/texlive/2026/texmf-dist/tex/latex/zref/zref-abspage.sty
Package: zref-abspage 2026-03-07 v2.37 Module abspage for zref (HO)

(/usr/local/texlive/2026/texmf-dist/tex/latex/zref/zref-base.sty
Package: zref-base 2026-03-07 v2.37 Module base for zref (HO)

(/usr/local/texlive/2026/texmf-dist/tex/generic/ltxcmds/ltxcmds.sty
Package: ltxcmds 2023-12-04 v1.26 LaTeX kernel commands for general use (HO)
)
(/usr/local/texlive/2026/texmf-dist/tex/generic/infwarerr/infwarerr.sty
Package: infwarerr 2019/12/03 v1.5 Providing info/warning/error messages (HO)
)
(/usr/local/texlive/2026/texmf-dist/tex/latex/kvsetkeys/kvsetkeys.sty
Package: kvsetkeys 2022-10-05 v1.19 Key value parser (HO)
)
(/usr/local/texlive/2026/texmf-dist/tex/generic/kvdefinekeys/kvdefinekeys.sty
Package: kvdefinekeys 2019-12-19 v1.6 Define keys (HO)
)
(/usr/local/texlive/2026/texmf-dist/tex/generic/pdftexcmds/pdftexcmds.sty
Package: pdftexcmds 2020-06-27 v0.33 Utility functions of pdfTeX for LuaTeX (HO
)
Package pdftexcmds Info: \pdf@primitive is available.
Package pdftexcmds Info: \pdf@ifprimitive is available.
Package pdftexcmds Info: \pdfdraftmode not found.
)
(/usr/local/texlive/2026/texmf-dist/tex/generic/etexcmds/etexcmds.sty
Package: etexcmds 2019/12/15 v1.7 Avoid name clashes with e-TeX commands (HO)
)
(/usr/local/texlive/2026/texmf-dist/tex/latex/auxhook/auxhook.sty
Package: auxhook 2019-12-17 v1.6 Hooks for auxiliary files (HO)
)
Package zref Info: New property list: main on input line 767.
Package zref Info: New property: default on input line 768.
Package zref Info: New property: page on input line 769.
)
\c@abspage=\count301
Package zref Info: New property: abspage on input line 67.
)
\@bidi@copyins@=\insert252
\bidi@typesethour=\count302
\bidi@typesetminute=\count303

(/usr/local/texlive/2026/texmf-dist/tex/latex/bidi/latex-xetex-bidi.def
File: latex-xetex-bidi.def 2025/12/19 v1.5.6 bidi adaptations for `latex.ltx' f
or XeTeX engine
\bidi@n@everypar=\toks25
LaTeX Info: Redefining \centerline on input line 317.
LaTeX Info: Redefining \leftline on input line 326.
LaTeX Info: Redefining \rightline on input line 327.
LaTeX Info: Redefining \underline on input line 335.
\bidi@column@check@number=\count304

(/usr/local/texlive/2026/texmf-dist/tex/latex/bidi/footnote-xetex-bidi.def
File: footnote-xetex-bidi.def 2025/09/30 v1.6 bidi footnote macros for XeTeX en
gine
\c@footdir@label=\count305
\footdir@toks=\toks26
)
(/usr/local/texlive/2026/texmf-dist/tex/latex/bidi/report-xetex-bidi.def
File: report-xetex-bidi.def 2025/12/19 v1.3 bidi adaptations for standard repor
t class for XeTeX engine
))
\bidi@digits=\count306
\bidi@digits@charclass=\XeTeXcharclass1
\bidi@sepmark@charclass=\XeTeXcharclass2
)
(/usr/local/texlive/2026/texmf-dist/tex/latex/polyglossia/arabicnumbers.sty
Package: arabicnumbers 2010/03/18 v0.2 Formatting of Arabic and Farsi digits an
d of Arabic abjad numerals
)
(/usr/local/texlive/2026/texmf-dist/tex/latex/polyglossia/hijrical.sty
Package: hijrical 2010/07/12 v0.2 Islamic calendar

(/usr/local/texlive/2026/texmf-dist/tex/latex/tools/calc.sty
Package: calc 2025/03/01 v4.3b Infix arithmetic (KKT,FJ)
\calc@Acount=\count307
\calc@Bcount=\count308
\calc@Adimen=\dimen152
\calc@Bdimen=\dimen153
\calc@Askip=\skip51
\calc@Bskip=\skip52
LaTeX Info: Redefining \setlength on input line 86.
LaTeX Info: Redefining \addtolength on input line 87.
\calc@Ccount=\count309
\calc@Cskip=\skip53
)
(/usr/local/texlive/2026/texmf-dist/tex/latex/polyglossia/cal-util.def
\c@tmpA=\count310
\c@tmpB=\count311
\c@tmpC=\count312
\c@tmpD=\count313
\c@tmpE=\count314
\c@tmpF=\count315
)
\c@Hijriday=\count316
\c@Hijrimonth=\count317
\c@Hijriyear=\count318
))
(/usr/local/texlive/2026/texmf-dist/tex/latex/geometry/geometry.sty
Package: geometry 2026/03/07 v6.0 Page Geometry

(/usr/local/texlive/2026/texmf-dist/tex/latex/graphics/keyval.sty
Package: keyval 2022/05/29 v1.15 key=value parser (DPC)
\KV@toks@=\toks27
)
(/usr/local/texlive/2026/texmf-dist/tex/generic/iftex/ifvtex.sty
Package: ifvtex 2019/10/25 v1.7 ifvtex legacy package. Use iftex instead.
)
\Gm@cnth=\count319
\Gm@cntv=\count320
\c@Gm@tempcnt=\count321
\Gm@bindingoffset=\dimen154
\Gm@wd@mp=\dimen155
\Gm@odd@mp=\dimen156
\Gm@even@mp=\dimen157
\Gm@layoutwidth=\dimen158
\Gm@layoutheight=\dimen159
\Gm@layouthoffset=\dimen160
\Gm@layoutvoffset=\dimen161
\Gm@dimlist=\toks28
)
(/usr/local/texlive/2026/texmf-dist/tex/latex/bidi/geometry-xetex-bidi.def
File: geometry-xetex-bidi.def 2017/01/14 v0.2 bidi adaptations for geometry pac
kage for XeTeX engine
)
(/usr/local/texlive/2026/texmf-dist/tex/latex/setspace/setspace.sty
Package: setspace 2022/12/04 v6.7b set line spacing
)
(/usr/local/texlive/2026/texmf-dist/tex/latex/titlesec/titlesec.sty
Package: titlesec 2025/01/04 v2.17 Sectioning titles
\ttl@box=\box53
\beforetitleunit=\skip54
\aftertitleunit=\skip55
\ttl@plus=\dimen162
\ttl@minus=\dimen163
\ttl@toksa=\toks29
\titlewidth=\dimen164
\titlewidthlast=\dimen165
\titlewidthfirst=\dimen166
)
(/usr/local/texlive/2026/texmf-dist/tex/latex/bidi/titlesec-xetex-bidi.def
File: titlesec-xetex-bidi.def 2010/07/25 v0.1 bidi adaptations for titlesec pac
kage for XeTeX engine
)
(/usr/local/texlive/2026/texmf-dist/tex/latex/fancyhdr/fancyhdr.sty
Package: fancyhdr 2025/02/07 v5.2 Extensive control of page headers and footers

\f@nch@headwidth=\skip56
\f@nch@offset@elh=\skip57
\f@nch@offset@erh=\skip58
\f@nch@offset@olh=\skip59
\f@nch@offset@orh=\skip60
\f@nch@offset@elf=\skip61
\f@nch@offset@erf=\skip62
\f@nch@offset@olf=\skip63
\f@nch@offset@orf=\skip64
\f@nch@height=\skip65
\f@nch@footalignment=\skip66
\f@nch@widthL=\skip67
\f@nch@widthC=\skip68
\f@nch@widthR=\skip69
\@temptokenb=\toks30
)
(/usr/local/texlive/2026/texmf-dist/tex/latex/bidi/fancyhdr-xetex-bidi.def
File: fancyhdr-xetex-bidi.def 2025/09/03 v1.0 bidi adaptations for fancyhdr pac
kage for XeTeX engine
)
(/usr/local/texlive/2026/texmf-dist/tex/latex/tocloft/tocloft.sty
Package: tocloft 2017/08/31 v2.3i parameterised ToC, etc., typesetting
Package tocloft Info: The document has chapter divisions on input line 51.
\cftparskip=\skip70
\cftbeforetoctitleskip=\skip71
\cftaftertoctitleskip=\skip72
\cftbeforepartskip=\skip73
\cftpartnumwidth=\skip74
\cftpartindent=\skip75
\cftbeforechapskip=\skip76
\cftchapindent=\skip77
\cftchapnumwidth=\skip78
\cftbeforesecskip=\skip79
\cftsecindent=\skip80
\cftsecnumwidth=\skip81
\cftbeforesubsecskip=\skip82
\cftsubsecindent=\skip83
\cftsubsecnumwidth=\skip84
\cftbeforesubsubsecskip=\skip85
\cftsubsubsecindent=\skip86
\cftsubsubsecnumwidth=\skip87
\cftbeforeparaskip=\skip88
\cftparaindent=\skip89
\cftparanumwidth=\skip90
\cftbeforesubparaskip=\skip91
\cftsubparaindent=\skip92
\cftsubparanumwidth=\skip93
\cftbeforeloftitleskip=\skip94
\cftafterloftitleskip=\skip95
\cftbeforefigskip=\skip96
\cftfigindent=\skip97
\cftfignumwidth=\skip98
\c@lofdepth=\count322
\c@lotdepth=\count323
\cftbeforelottitleskip=\skip99
\cftafterlottitleskip=\skip100
\cftbeforetabskip=\skip101
\cfttabindent=\skip102
\cfttabnumwidth=\skip103
)
(/usr/local/texlive/2026/texmf-dist/tex/latex/bidi/tocloft-xetex-bidi.def
File: tocloft-xetex-bidi.def 2025/01/03 v0.4 bidi adaptations for tocloft packa
ge for XeTeX engine
)
(/usr/local/texlive/2026/texmf-dist/tex/latex/graphics/graphicx.sty
Package: graphicx 2024/12/31 v1.2e Enhanced LaTeX Graphics (DPC,SPQR)

(/usr/local/texlive/2026/texmf-dist/tex/latex/graphics/graphics.sty
Package: graphics 2024/08/06 v1.4g Standard LaTeX Graphics (DPC,SPQR)

(/usr/local/texlive/2026/texmf-dist/tex/latex/graphics/trig.sty
Package: trig 2023/12/02 v1.11 sin cos tan (DPC)
)
(/usr/local/texlive/2026/texmf-dist/tex/latex/graphics-cfg/graphics.cfg
File: graphics.cfg 2016/06/04 v1.11 sample graphics configuration
)
Package graphics Info: Driver file: xetex.def on input line 106.

(/usr/local/texlive/2026/texmf-dist/tex/latex/graphics-def/xetex.def
File: xetex.def 2025/11/01 v5.0p Graphics/color driver for xetex
))
\Gin@req@height=\dimen167
\Gin@req@width=\dimen168
)
(/usr/local/texlive/2026/texmf-dist/tex/latex/bidi/graphicx-xetex-bidi.def
File: graphicx-xetex-bidi.def 2017/06/17 v0.5 bidi adaptations for graphicx pac
kage for XeTeX engine
)
(/usr/local/texlive/2026/texmf-dist/tex/latex/float/float.sty
Package: float 2001/11/08 v1.3d Float enhancements (AL)
\c@float@type=\count324
\float@exts=\toks31
\float@box=\box54
\@float@everytoks=\toks32
\@floatcapt=\box55
)
(/usr/local/texlive/2026/texmf-dist/tex/latex/bidi/float-xetex-bidi.def
File: float-xetex-bidi.def 2013/04/04 v0.2 bidi adaptations for float package f
or XeTeX engine
)
(/usr/local/texlive/2026/texmf-dist/tex/latex/placeins/placeins.sty
Package: placeins 2005/04/18  v 2.2
)
(/usr/local/texlive/2026/texmf-dist/tex/latex/caption/caption.sty
Package: caption 2023/08/05 v3.6o Customizing captions (AR)

(/usr/local/texlive/2026/texmf-dist/tex/latex/caption/caption3.sty
Package: caption3 2023/07/31 v2.4d caption3 kernel (AR)
\caption@tempdima=\dimen169
\captionmargin=\dimen170
\caption@leftmargin=\dimen171
\caption@rightmargin=\dimen172
\caption@width=\dimen173
\caption@indent=\dimen174
\caption@parindent=\dimen175
\caption@hangindent=\dimen176
Package caption Info: Unknown document class (or package),
(caption)             standard defaults will be used.
Package caption Info: \@makecaption = \long macro:#1#2->\vskip \abovecaptionski
p \sbox \@tempboxa {#1: #2}\ifdim \wd \@tempboxa >\hsize \if@RTL \beginR \fi #1
: #2\if@RTL \endR \fi \par \else \global \@minipagefalse \hb@xt@ \hsize {\if@RT
L \beginR \fi \hfil \box \@tempboxa \hfil \if@RTL \endR \fi }\fi \vskip \belowc
aptionskip  on input line 1175.
)
(/usr/local/texlive/2026/texmf-dist/tex/latex/bidi/caption3-xetex-bidi.def
File: caption3-xetex-bidi.def 2013/04/01 v0.1 bidi adaptations for caption3 pac
kage for XeTeX engine
)

Package caption Warning: Unknown document class (or package),
(caption)                standard defaults will be used.
See the caption package documentation for explanation.

\c@caption@flags=\count325
\c@continuedfloat=\count326
Package caption Info: float package is loaded.
) (/usr/local/texlive/2026/texmf-dist/tex/latex/bidi/caption-xetex-bidi.def
File: caption-xetex-bidi.def 2010/07/25 v0.1 bidi adaptations for caption packa
ge for XeTeX engine
)
(/usr/local/texlive/2026/texmf-dist/tex/latex/caption/subcaption.sty
Package: subcaption 2023/07/28 v1.6b Sub-captions (AR)
Package caption Info: New subtype `subfigure' on input line 238.
\c@subfigure=\count327
Package caption Info: New subtype `subtable' on input line 238.
\c@subtable=\count328
)
(/usr/local/texlive/2026/texmf-dist/tex/latex/tools/array.sty
Package: array 2025/09/25 v2.6n Tabular extension package (FMi)
\col@sep=\dimen177
\ar@mcellbox=\box56
\extrarowheight=\dimen178
\NC@list=\toks33
\extratabsurround=\skip104
\backup@length=\skip105
\ar@cellbox=\box57
)
(/usr/local/texlive/2026/texmf-dist/tex/latex/bidi/array-xetex-bidi.def
File: array-xetex-bidi.def 2025/12/06 v0.8 bidi adaptations for array package f
or XeTeX engine
)
(/usr/local/texlive/2026/texmf-dist/tex/latex/booktabs/booktabs.sty
Package: booktabs 2020/01/12 v1.61803398 Publication quality tables
\heavyrulewidth=\dimen179
\lightrulewidth=\dimen180
\cmidrulewidth=\dimen181
\belowrulesep=\dimen182
\belowbottomsep=\dimen183
\aboverulesep=\dimen184
\abovetopsep=\dimen185
\cmidrulesep=\dimen186
\cmidrulekern=\dimen187
\defaultaddspace=\dimen188
\@cmidla=\count329
\@cmidlb=\count330
\@aboverulesep=\dimen189
\@belowrulesep=\dimen190
\@thisruleclass=\count331
\@lastruleclass=\count332
\@thisrulewidth=\dimen191
)
(/usr/local/texlive/2026/texmf-dist/tex/latex/tools/longtable.sty
Package: longtable 2025-10-13 v4.24 Multi-page Table package (DPC)
\LTleft=\skip106
\LTright=\skip107
\LTpre=\skip108
\LTpost=\skip109
\LTchunksize=\count333
\LTcapwidth=\dimen192
\LT@head=\box58
\LT@firsthead=\box59
\LT@foot=\box60
\LT@lastfoot=\box61
\LT@gbox=\box62
\LT@cols=\count334
\LT@rows=\count335
\c@LT@tables=\count336
\c@LT@chunks=\count337
\LT@p@ftn=\toks34
)
(/usr/local/texlive/2026/texmf-dist/tex/latex/bidi/longtable-xetex-bidi.def
File: longtable-xetex-bidi.def 2025/01/05 v0.8 bidi adaptations for longtable p
ackage for XeTeX engine
)
(/usr/local/texlive/2026/texmf-dist/tex/latex/multirow/multirow.sty
Package: multirow 2024/11/12 v2.9 Span multiple rows of a table
\multirow@colwidth=\skip110
\multirow@cntb=\count338
\multirow@dima=\skip111
\bigstrutjot=\dimen193
)
(/usr/local/texlive/2026/texmf-dist/tex/latex/amsmath/amsmath.sty
Package: amsmath 2025/07/09 v2.17z AMS math features
\@mathmargin=\skip112

For additional information on amsmath, use the `?' option.
(/usr/local/texlive/2026/texmf-dist/tex/latex/amsmath/amstext.sty
Package: amstext 2024/11/17 v2.01 AMS text

(/usr/local/texlive/2026/texmf-dist/tex/latex/amsmath/amsgen.sty
File: amsgen.sty 1999/11/30 v2.0 generic functions
\@emptytoks=\toks35
\ex@=\dimen194
))
(/usr/local/texlive/2026/texmf-dist/tex/latex/bidi/amstext-xetex-bidi.def
File: amstext-xetex-bidi.def 2016/09/12 v0.2 bidi adaptations for amstext packa
ge for XeTeX engine
)
(/usr/local/texlive/2026/texmf-dist/tex/latex/amsmath/amsbsy.sty
Package: amsbsy 1999/11/29 v1.2d Bold Symbols
\pmbraise@=\dimen195
)
(/usr/local/texlive/2026/texmf-dist/tex/latex/amsmath/amsopn.sty
Package: amsopn 2022/04/08 v2.04 operator names
)
\inf@bad=\count339
LaTeX Info: Redefining \frac on input line 233.
\uproot@=\count340
\leftroot@=\count341
LaTeX Info: Redefining \overline on input line 398.
LaTeX Info: Redefining \colon on input line 409.
\classnum@=\count342
\DOTSCASE@=\count343
LaTeX Info: Redefining \ldots on input line 495.
LaTeX Info: Redefining \dots on input line 498.
LaTeX Info: Redefining \cdots on input line 619.
\Mathstrutbox@=\box63
\strutbox@=\box64
LaTeX Info: Redefining \big on input line 721.
LaTeX Info: Redefining \Big on input line 722.
LaTeX Info: Redefining \bigg on input line 723.
LaTeX Info: Redefining \Bigg on input line 724.
\big@size=\dimen196
LaTeX Font Info:    Redeclaring font encoding OML on input line 742.
LaTeX Font Info:    Redeclaring font encoding OMS on input line 743.
\macc@depth=\count344
LaTeX Info: Redefining \bmod on input line 904.
LaTeX Info: Redefining \pmod on input line 909.
LaTeX Info: Redefining \smash on input line 939.
LaTeX Info: Redefining \relbar on input line 969.
LaTeX Info: Redefining \Relbar on input line 970.
\c@MaxMatrixCols=\count345
\dotsspace@=\muskip17
\c@parentequation=\count346
\dspbrk@lvl=\count347
\tag@help=\toks36
\row@=\count348
\column@=\count349
\maxfields@=\count350
\andhelp@=\toks37
\eqnshift@=\dimen197
\alignsep@=\dimen198
\tagshift@=\dimen199
\tagwidth@=\dimen256
\totwidth@=\dimen257
\lineht@=\dimen258
\@envbody=\toks38
\multlinegap=\skip113
\multlinetaggap=\skip114
\mathdisplay@stack=\toks39
LaTeX Info: Redefining \[ on input line 2950.
LaTeX Info: Redefining \] on input line 2951.
)
(/usr/local/texlive/2026/texmf-dist/tex/latex/bidi/amsmath-xetex-bidi.def
File: amsmath-xetex-bidi.def 2020/05/16 v1.2 bidi adaptations for amsmath packa
ge for XeTeX engine
)
(/usr/local/texlive/2026/texmf-dist/tex/latex/xcolor/xcolor.sty
Package: xcolor 2024/09/29 v3.02 LaTeX color extensions (UK)

(/usr/local/texlive/2026/texmf-dist/tex/latex/graphics-cfg/color.cfg
File: color.cfg 2016/01/02 v1.6 sample color configuration
)
Package xcolor Info: Driver file: xetex.def on input line 274.

(/usr/local/texlive/2026/texmf-dist/tex/latex/graphics/mathcolor.ltx)
Package xcolor Info: Model `cmy' substituted by `cmy0' on input line 1349.
Package xcolor Info: Model `RGB' extended on input line 1365.
Package xcolor Info: Model `HTML' substituted by `rgb' on input line 1367.
Package xcolor Info: Model `Hsb' substituted by `hsb' on input line 1368.
Package xcolor Info: Model `tHsb' substituted by `hsb' on input line 1369.
Package xcolor Info: Model `HSB' substituted by `hsb' on input line 1370.
Package xcolor Info: Model `Gray' substituted by `gray' on input line 1371.
Package xcolor Info: Model `wave' substituted by `hsb' on input line 1372.
)
(/usr/local/texlive/2026/texmf-dist/tex/latex/bidi/xcolor-xetex-bidi.def
File: xcolor-xetex-bidi.def 2022/06/13 v0.3 bidi adaptations for xcolor package
 for XeTeX engine
LaTeX Info: Redefining \color on input line 49.
)
(/usr/local/texlive/2026/texmf-dist/tex/latex/listings/listings.sty
\lst@mode=\count351
\lst@gtempboxa=\box65
\lst@token=\toks40
\lst@length=\count352
\lst@currlwidth=\dimen259
\lst@column=\count353
\lst@pos=\count354
\lst@lostspace=\dimen260
\lst@width=\dimen261
\lst@newlines=\count355
\lst@lineno=\count356
\lst@maxwidth=\dimen262

(/usr/local/texlive/2026/texmf-dist/tex/latex/listings/lstpatch.sty
File: lstpatch.sty 2025/11/14 1.11b (Carsten Heinz)
)
(/usr/local/texlive/2026/texmf-dist/tex/latex/listings/lstmisc.sty
File: lstmisc.sty 2025/11/14 1.11b (Carsten Heinz)
\c@lstnumber=\count357
\lst@skipnumbers=\count358
\lst@framebox=\box66
)
(/usr/local/texlive/2026/texmf-dist/tex/latex/listings/listings.cfg
File: listings.cfg 2025/11/14 1.11b listings configuration
))
Package: listings 2025/11/14 1.11b (Carsten Heinz)

(/usr/local/texlive/2026/texmf-dist/tex/latex/bidi/listings-xetex-bidi.def
File: listings-xetex-bidi.def 2025/01/03 v1.6 bidi adaptations for listings pac
kage for XeTeX engine
)
==> First Aid for listings.sty no longer applied!
    Expected:
        2024/09/23 1.10c (Carsten Heinz)
    but found:
        2025/11/14 1.11b (Carsten Heinz)
    so I'm assuming it got fixed.
(/usr/local/texlive/2026/texmf-dist/tex/latex/hyperref/hyperref.sty
Package: hyperref 2026-01-29 v7.01p Hypertext links for LaTeX

(/usr/local/texlive/2026/texmf-dist/tex/generic/pdfescape/pdfescape.sty
Package: pdfescape 2019/12/09 v1.15 Implements pdfTeX's escape features (HO)
)
(/usr/local/texlive/2026/texmf-dist/tex/latex/hycolor/hycolor.sty
Package: hycolor 2020-01-27 v1.10 Color options for hyperref/bookmark (HO)
)
(/usr/local/texlive/2026/texmf-dist/tex/latex/hyperref/nameref.sty
Package: nameref 2026-01-29 v2.58 Cross-referencing by name of section

(/usr/local/texlive/2026/texmf-dist/tex/latex/refcount/refcount.sty
Package: refcount 2019/12/15 v3.6 Data extraction from label references (HO)
)
(/usr/local/texlive/2026/texmf-dist/tex/generic/gettitlestring/gettitlestring.s
ty
Package: gettitlestring 2019/12/15 v1.6 Cleanup title references (HO)
 (/usr/local/texlive/2026/texmf-dist/tex/latex/kvoptions/kvoptions.sty
Package: kvoptions 2022-06-15 v3.15 Key value format for package options (HO)
))
\c@section@level=\count359
)
(/usr/local/texlive/2026/texmf-dist/tex/generic/stringenc/stringenc.sty
Package: stringenc 2019/11/29 v1.12 Convert strings between diff. encodings (HO
)
)
\@linkdim=\dimen263
\Hy@linkcounter=\count360
\Hy@pagecounter=\count361

(/usr/local/texlive/2026/texmf-dist/tex/latex/hyperref/pd1enc.def
File: pd1enc.def 2026-01-29 v7.01p Hyperref: PDFDocEncoding definition (HO)
)
(/usr/local/texlive/2026/texmf-dist/tex/generic/intcalc/intcalc.sty
Package: intcalc 2019/12/15 v1.3 Expandable calculations with integers (HO)
)
\Hy@SavedSpaceFactor=\count362

(/usr/local/texlive/2026/texmf-dist/tex/latex/hyperref/puenc.def
File: puenc.def 2026-01-29 v7.01p Hyperref: PDF Unicode definition (HO)
)
Package hyperref Info: Hyper figures OFF on input line 4201.
Package hyperref Info: Link nesting OFF on input line 4206.
Package hyperref Info: Hyper index ON on input line 4209.
Package hyperref Info: Plain pages OFF on input line 4216.
Package hyperref Info: Backreferencing OFF on input line 4221.
Package hyperref Info: Implicit mode ON; LaTeX internals redefined.
Package hyperref Info: Bookmarks ON on input line 4468.
\c@Hy@tempcnt=\count363

(/usr/local/texlive/2026/texmf-dist/tex/latex/url/url.sty
\Urlmuskip=\muskip18
Package: url 2013/09/16  ver 3.4  Verb mode for urls, etc.
)
LaTeX Info: Redefining \url on input line 4807.
\XeTeXLinkMargin=\dimen264

(/usr/local/texlive/2026/texmf-dist/tex/generic/bitset/bitset.sty
Package: bitset 2019/12/09 v1.3 Handle bit-vector datatype (HO)

(/usr/local/texlive/2026/texmf-dist/tex/generic/bigintcalc/bigintcalc.sty
Package: bigintcalc 2019/12/15 v1.5 Expandable calculations on big integers (HO
)
))
\Fld@menulength=\count364
\Field@Width=\dimen265
\Fld@charsize=\dimen266
Package hyperref Info: Hyper figures OFF on input line 6084.
Package hyperref Info: Link nesting OFF on input line 6089.
Package hyperref Info: Hyper index ON on input line 6092.
Package hyperref Info: backreferencing OFF on input line 6099.
Package hyperref Info: Link coloring OFF on input line 6104.
Package hyperref Info: Link coloring with OCG OFF on input line 6109.
Package hyperref Info: PDF/A mode OFF on input line 6114.
\Hy@abspage=\count365
\c@Item=\count366
\c@Hfootnote=\count367
)
Package hyperref Info: Driver (autodetected): hxetex.

(/usr/local/texlive/2026/texmf-dist/tex/latex/hyperref/hxetex.def
File: hxetex.def 2026-01-29 v7.01p Hyperref driver for XeTeX
\pdfm@box=\box67
\c@Hy@AnnotLevel=\count368
\HyField@AnnotCount=\count369
\Fld@listcount=\count370
\c@bookmark@seq@number=\count371

(/usr/local/texlive/2026/texmf-dist/tex/latex/rerunfilecheck/rerunfilecheck.sty
Package: rerunfilecheck 2025-06-21 v1.11 Rerun checks for auxiliary files (HO)

(/usr/local/texlive/2026/texmf-dist/tex/generic/uniquecounter/uniquecounter.sty
Package: uniquecounter 2019/12/15 v1.4 Provide unlimited unique counter (HO)
)
Package uniquecounter Info: New unique counter `rerunfilecheck' on input line 2
84.
)
\Hy@SectionHShift=\skip115
) (/usr/local/texlive/2026/texmf-dist/tex/latex/bidi/hyperref-xetex-bidi.def
File: hyperref-xetex-bidi.def 2025/12/06 v1.5 bidi adaptations for hyperref pac
kage for XeTeX engine
) (/usr/local/texlive/2026/texmf-dist/tex/latex/biblatex/biblatex.sty
Package: biblatex 2025/07/10 v3.21 programmable bibliographies (PK/MW)

(/usr/local/texlive/2026/texmf-dist/tex/latex/logreq/logreq.sty
Package: logreq 2010/08/04 v1.0 xml request logger
\lrq@indent=\count372

(/usr/local/texlive/2026/texmf-dist/tex/latex/logreq/logreq.def
File: logreq.def 2010/08/04 v1.0 logreq spec v1.0
))
(/usr/local/texlive/2026/texmf-dist/tex/latex/base/ifthen.sty
Package: ifthen 2024/03/16 v1.1e Standard LaTeX ifthen package (DPC)
)
\c@tabx@nest=\count373
\c@listtotal=\count374
\c@listcount=\count375
\c@liststart=\count376
\c@liststop=\count377
\c@citecount=\count378
\c@citetotal=\count379
\c@multicitecount=\count380
\c@multicitetotal=\count381
\c@instcount=\count382
\c@maxnames=\count383
\c@minnames=\count384
\c@maxitems=\count385
\c@minitems=\count386
\c@citecounter=\count387
\c@maxcitecounter=\count388
\c@savedcitecounter=\count389
\c@uniquelist=\count390
\c@uniquename=\count391
\c@refsection=\count392
\c@refsegment=\count393
\c@maxextratitle=\count394
\c@maxextratitleyear=\count395
\c@maxextraname=\count396
\c@maxextradate=\count397
\c@maxextraalpha=\count398
\c@abbrvpenalty=\count399
\c@highnamepenalty=\count400
\c@lownamepenalty=\count401
\c@maxparens=\count402
\c@parenlevel=\count403
\blx@tempcnta=\count404
\blx@tempcntb=\count405
\blx@tempcntc=\count406
\c@blx@maxsection=\count407
\blx@maxsegment@0=\count408
\blx@notetype=\count409
\blx@parenlevel@text=\count410
\blx@parenlevel@foot=\count411
\blx@sectionciteorder@0=\count412
\blx@sectionciteorderinternal@0=\count413
\blx@entrysetcounter=\count414
\blx@biblioinstance=\count415
\labelnumberwidth=\skip116
\labelalphawidth=\skip117
\biblabelsep=\skip118
\bibitemsep=\skip119
\bibnamesep=\skip120
\bibinitsep=\skip121
\bibparsep=\skip122
\bibhang=\skip123
\blx@bcfin=\read2
\blx@bcfout=\write3
\blx@langwohyphens=\language91
\c@mincomprange=\count416
\c@maxcomprange=\count417
\c@mincompwidth=\count418
Package biblatex Info: Trying to load biblatex default data model...
Package biblatex Info: ... file 'blx-dm.def' found.

(/usr/local/texlive/2026/texmf-dist/tex/latex/biblatex/blx-dm.def
File: blx-dm.def 2025/07/10 v3.21 biblatex datamodel (PK/MW)
)
Package biblatex Info: Trying to load biblatex style data model...
Package biblatex Info: ... file 'numeric.dbx' not found.
Package biblatex Info: Trying to load biblatex custom data model...
Package biblatex Info: ... file 'biblatex-dm.cfg' not found.
\c@afterword=\count419
\c@savedafterword=\count420
\c@annotator=\count421
\c@savedannotator=\count422
\c@author=\count423
\c@savedauthor=\count424
\c@bookauthor=\count425
\c@savedbookauthor=\count426
\c@commentator=\count427
\c@savedcommentator=\count428
\c@editor=\count429
\c@savededitor=\count430
\c@editora=\count431
\c@savededitora=\count432
\c@editorb=\count433
\c@savededitorb=\count434
\c@editorc=\count435
\c@savededitorc=\count436
\c@foreword=\count437
\c@savedforeword=\count438
\c@holder=\count439
\c@savedholder=\count440
\c@introduction=\count441
\c@savedintroduction=\count442
\c@namea=\count443
\c@savednamea=\count444
\c@nameb=\count445
\c@savednameb=\count446
\c@namec=\count447
\c@savednamec=\count448
\c@translator=\count449
\c@savedtranslator=\count450
\c@shortauthor=\count451
\c@savedshortauthor=\count452
\c@shorteditor=\count453
\c@savedshorteditor=\count454
\c@labelname=\count455
\c@savedlabelname=\count456
\c@institution=\count457
\c@savedinstitution=\count458
\c@lista=\count459
\c@savedlista=\count460
\c@listb=\count461
\c@savedlistb=\count462
\c@listc=\count463
\c@savedlistc=\count464
\c@listd=\count465
\c@savedlistd=\count466
\c@liste=\count467
\c@savedliste=\count468
\c@listf=\count469
\c@savedlistf=\count470
\c@location=\count471
\c@savedlocation=\count472
\c@organization=\count473
\c@savedorganization=\count474
\c@origlocation=\count475
\c@savedoriglocation=\count476
\c@origpublisher=\count477
\c@savedorigpublisher=\count478
\c@publisher=\count479
\c@savedpublisher=\count480
\c@language=\count481
\c@savedlanguage=\count482
\c@origlanguage=\count483
\c@savedoriglanguage=\count484
\c@pageref=\count485
\c@savedpageref=\count486
\shorthandwidth=\skip124
\shortjournalwidth=\skip125
\shortserieswidth=\skip126
\shorttitlewidth=\skip127
\shortauthorwidth=\skip128
\shorteditorwidth=\skip129
\locallabelnumberwidth=\skip130
\locallabelalphawidth=\skip131
\localshorthandwidth=\skip132
\localshortjournalwidth=\skip133
\localshortserieswidth=\skip134
\localshorttitlewidth=\skip135
\localshortauthorwidth=\skip136
\localshorteditorwidth=\skip137
Package biblatex Info: Trying to load enhanced support for Unicode engines...
Package biblatex Info: ... file 'blx-unicode.def' found.

(/usr/local/texlive/2026/texmf-dist/tex/latex/biblatex/blx-unicode.def)
Package biblatex Info: Trying to load compatibility code...
Package biblatex Info: ... file 'blx-compat.def' found.

(/usr/local/texlive/2026/texmf-dist/tex/latex/biblatex/blx-compat.def
File: blx-compat.def 2025/07/10 v3.21 biblatex compatibility (PK/MW)
)
Package biblatex Info: Trying to load generic definitions...
Package biblatex Info: ... file 'biblatex.def' found.

(/usr/local/texlive/2026/texmf-dist/tex/latex/biblatex/biblatex.def
File: biblatex.def 2025/07/10 v3.21 biblatex compatibility (PK/MW)
\c@textcitecount=\count487
\c@textcitetotal=\count488
\c@textcitemaxnames=\count489
\c@biburlbigbreakpenalty=\count490
\c@biburlbreakpenalty=\count491
\c@biburlnumpenalty=\count492
\c@biburlucpenalty=\count493
\c@biburllcpenalty=\count494
\biburlbigskip=\muskip19
\biburlnumskip=\muskip20
\biburlucskip=\muskip21
\biburllcskip=\muskip22
\c@smartand=\count495
)
Package biblatex Info: Trying to load bibliography style 'numeric'...
Package biblatex Info: ... file 'numeric.bbx' found.

(/usr/local/texlive/2026/texmf-dist/tex/latex/biblatex/bbx/numeric.bbx
File: numeric.bbx 2025/07/10 v3.21 biblatex bibliography style (PK/MW)
Package biblatex Info: Trying to load bibliography style 'standard'...
Package biblatex Info: ... file 'standard.bbx' found.

(/usr/local/texlive/2026/texmf-dist/tex/latex/biblatex/bbx/standard.bbx
File: standard.bbx 2025/07/10 v3.21 biblatex bibliography style (PK/MW)
\c@bbx:relatedcount=\count496
\c@bbx:relatedtotal=\count497
))
Package biblatex Info: Trying to load citation style 'numeric'...
Package biblatex Info: ... file 'numeric.cbx' found.

(/usr/local/texlive/2026/texmf-dist/tex/latex/biblatex/cbx/numeric.cbx
File: numeric.cbx 2025/07/10 v3.21 biblatex citation style (PK/MW)
Package biblatex Info: Redefining '\cite'.
Package biblatex Info: Redefining '\parencite'.
Package biblatex Info: Redefining '\footcite'.
Package biblatex Info: Redefining '\footcitetext'.
Package biblatex Info: Redefining '\smartcite'.
Package biblatex Info: Redefining '\supercite'.
Package biblatex Info: Redefining '\textcite'.
Package biblatex Info: Redefining '\textcites'.
Package biblatex Info: Redefining '\cites'.
Package biblatex Info: Redefining '\parencites'.
Package biblatex Info: Redefining '\smartcites'.
)
Package biblatex Info: Trying to load configuration file...
Package biblatex Info: ... file 'biblatex.cfg' found.

(/usr/local/texlive/2026/texmf-dist/tex/latex/biblatex/biblatex.cfg
File: biblatex.cfg 
)
Package biblatex Info: XeTeX detected.
(biblatex)             Assuming input encoding 'utf8'.
Package biblatex Info: Document encoding is UTF8 ....
Package biblatex Info: ... and expl3
(biblatex)             2026-01-19 L3 programming layer (loader) 
(biblatex)             is new enough (at least 2020/04/06),
(biblatex)             setting 'casechanger=expl3'.

(/usr/local/texlive/2026/texmf-dist/tex/latex/biblatex/blx-case-expl3.sty
Package: blx-case-expl3 2025/07/10 v3.21 expl3 case changing code for biblatex
)))
(/usr/local/texlive/2026/texmf-dist/tex/latex/ragged2e/ragged2e.sty
Package: ragged2e 2023/06/22 v3.6 ragged2e Package
\CenteringLeftskip=\skip138
\RaggedLeftLeftskip=\skip139
\RaggedRightLeftskip=\skip140
\CenteringRightskip=\skip141
\RaggedLeftRightskip=\skip142
\RaggedRightRightskip=\skip143
\CenteringParfillskip=\skip144
\RaggedLeftParfillskip=\skip145
\RaggedRightParfillskip=\skip146
\JustifyingParfillskip=\skip147
\CenteringParindent=\skip148
\RaggedLeftParindent=\skip149
\RaggedRightParindent=\skip150
\JustifyingParindent=\skip151
)
(/usr/local/texlive/2026/texmf-dist/tex/latex/bidi/ragged2e-xetex-bidi.def
File: ragged2e-xetex-bidi.def 2018/10/17 v0.3 bidi adaptations for ragged2e pac
kage for XeTeX engine
)
(./Preamble/formatting.tex
Package hyperref Info: Option `colorlinks' set `true' on input line 87.
) (./Preamble/begin_document.tex
(/usr/local/texlive/2026/texmf-dist/tex/latex/bidi/float-xetex-bidi.def
File: float-xetex-bidi.def 2013/04/04 v0.2 bidi adaptations for float package f
or XeTeX engine
)
\@quotelevel=\count498
\@quotereset=\count499

(./main.aux (./Chapter1/Chapter1.aux) (./Chapter2/Chapter2.aux)
(./Chapter3/Chapter3.aux) (./Chapter4/Chapter4.aux

LaTeX Warning: Label `tab:module-summary' multiply defined.

) (./Chapter5/Chapter5.aux) (./Chapter6/Chapter6.aux)
(./AppendixA/AppendixA.aux) (./AppendixB/AppendixB.aux)
(./AppendixC/AppendixC.aux) (./AppendixD/AppendixD.aux)
(./AppendixE/AppendixE.aux

LaTeX Warning: Label `tab:app-risk' multiply defined.


LaTeX Warning: Label `tab:app-risk' multiply defined.

))
\openout1 = `main.aux'.

LaTeX Font Info:    Checking defaults for OML/cmm/m/it on input line 8.
LaTeX Font Info:    ... okay on input line 8.
LaTeX Font Info:    Checking defaults for OMS/cmsy/m/n on input line 8.
LaTeX Font Info:    ... okay on input line 8.
LaTeX Font Info:    Checking defaults for OT1/cmr/m/n on input line 8.
LaTeX Font Info:    ... okay on input line 8.
LaTeX Font Info:    Checking defaults for T1/cmr/m/n on input line 8.
LaTeX Font Info:    ... okay on input line 8.
LaTeX Font Info:    Checking defaults for TS1/cmr/m/n on input line 8.
LaTeX Font Info:    ... okay on input line 8.
LaTeX Font Info:    Checking defaults for TU/lmr/m/n on input line 8.
LaTeX Font Info:    ... okay on input line 8.
LaTeX Font Info:    Checking defaults for OMX/cmex/m/n on input line 8.
LaTeX Font Info:    ... okay on input line 8.
LaTeX Font Info:    Checking defaults for U/cmr/m/n on input line 8.
LaTeX Font Info:    ... okay on input line 8.
LaTeX Font Info:    Checking defaults for PD1/pdf/m/n on input line 8.
LaTeX Font Info:    ... okay on input line 8.
LaTeX Font Info:    Checking defaults for PU/pdf/m/n on input line 8.
LaTeX Font Info:    ... okay on input line 8.

Package fontspec Info: 
(fontspec)             Adjusting the maths setup (use [no-math] to avoid
(fontspec)             this).

\symlegacymaths=\mathgroup4
LaTeX Font Info:    Overwriting symbol font `legacymaths' in version `bold'
(Font)                  OT1/cmr/m/n --> OT1/cmr/bx/n on input line 8.
LaTeX Font Info:    Redeclaring math accent \acute on input line 8.
LaTeX Font Info:    Redeclaring math accent \grave on input line 8.
LaTeX Font Info:    Redeclaring math accent \ddot on input line 8.
LaTeX Font Info:    Redeclaring math accent \tilde on input line 8.
LaTeX Font Info:    Redeclaring math accent \bar on input line 8.
LaTeX Font Info:    Redeclaring math accent \breve on input line 8.
LaTeX Font Info:    Redeclaring math accent \check on input line 8.
LaTeX Font Info:    Redeclaring math accent \hat on input line 8.
LaTeX Font Info:    Redeclaring math accent \dot on input line 8.
LaTeX Font Info:    Redeclaring math accent \mathring on input line 8.
LaTeX Font Info:    Redeclaring math symbol \Gamma on input line 8.
LaTeX Font Info:    Redeclaring math symbol \Delta on input line 8.
LaTeX Font Info:    Redeclaring math symbol \Theta on input line 8.
LaTeX Font Info:    Redeclaring math symbol \Lambda on input line 8.
LaTeX Font Info:    Redeclaring math symbol \Xi on input line 8.
LaTeX Font Info:    Redeclaring math symbol \Pi on input line 8.
LaTeX Font Info:    Redeclaring math symbol \Sigma on input line 8.
LaTeX Font Info:    Redeclaring math symbol \Upsilon on input line 8.
LaTeX Font Info:    Redeclaring math symbol \Phi on input line 8.
LaTeX Font Info:    Redeclaring math symbol \Psi on input line 8.
LaTeX Font Info:    Redeclaring math symbol \Omega on input line 8.
LaTeX Font Info:    Redeclaring math symbol \mathdollar on input line 8.
LaTeX Font Info:    Redeclaring symbol font `operators' on input line 8.
LaTeX Font Info:    Encoding `OT1' has changed to `TU' for symbol font
(Font)              `operators' in the math version `normal' on input line 8.
LaTeX Font Info:    Overwriting symbol font `operators' in version `normal'
(Font)                  OT1/cmr/m/n --> TU/Helvetica(0)/m/n on input line 8.
LaTeX Font Info:    Encoding `OT1' has changed to `TU' for symbol font
(Font)              `operators' in the math version `bold' on input line 8.
LaTeX Font Info:    Overwriting symbol font `operators' in version `bold'
(Font)                  OT1/cmr/bx/n --> TU/Helvetica(0)/m/n on input line 8.
LaTeX Font Info:    Overwriting symbol font `operators' in version `normal'
(Font)                  TU/Helvetica(0)/m/n --> TU/Helvetica(0)/m/n on input li
ne 8.
LaTeX Font Info:    Overwriting math alphabet `\mathit' in version `normal'
(Font)                  OT1/cmr/m/it --> TU/Helvetica(0)/m/it on input line 8.
LaTeX Font Info:    Overwriting math alphabet `\mathbf' in version `normal'
(Font)                  OT1/cmr/bx/n --> TU/Helvetica(0)/b/n on input line 8.
LaTeX Font Info:    Overwriting math alphabet `\mathsf' in version `normal'
(Font)                  OT1/cmss/m/n --> TU/Helvetica(0)/m/n on input line 8.
LaTeX Font Info:    Overwriting math alphabet `\mathtt' in version `normal'
(Font)                  OT1/cmtt/m/n --> TU/lmtt/m/n on input line 8.
LaTeX Font Info:    Overwriting symbol font `operators' in version `bold'
(Font)                  TU/Helvetica(0)/m/n --> TU/Helvetica(0)/b/n on input li
ne 8.
LaTeX Font Info:    Overwriting math alphabet `\mathit' in version `bold'
(Font)                  OT1/cmr/bx/it --> TU/Helvetica(0)/b/it on input line 8.

LaTeX Font Info:    Overwriting math alphabet `\mathsf' in version `bold'
(Font)                  OT1/cmss/bx/n --> TU/Helvetica(0)/b/n on input line 8.
LaTeX Font Info:    Overwriting math alphabet `\mathtt' in version `bold'
(Font)                  OT1/cmtt/m/n --> TU/lmtt/b/n on input line 8.

*geometry* driver: auto-detecting
*geometry* detected driver: xetex
*geometry* verbose mode - [ preamble ] result:
* driver: xetex
* paper: a4paper
* layout: <same size as paper>
* layoutoffset:(h,v)=(0.0pt,0.0pt)
* modes: 
* h-part:(L,W,R)=(72.26999pt, 452.9679pt, 72.26999pt)
* v-part:(T,H,B)=(72.26999pt, 700.50687pt, 72.26999pt)
* \paperwidth=597.50787pt
* \paperheight=845.04684pt
* \textwidth=452.9679pt
* \textheight=700.50687pt
* \oddsidemargin=0.0pt
* \evensidemargin=0.0pt
* \topmargin=-37.0pt
* \headheight=12.0pt
* \headsep=25.0pt
* \topskip=12.0pt
* \footskip=30.0pt
* \marginparwidth=35.0pt
* \marginparsep=10.0pt
* \columnsep=10.0pt
* \skip\footins=10.8pt plus 4.0pt minus 2.0pt
* \hoffset=0.0pt
* \voffset=0.0pt
* \mag=1000
* \@twocolumnfalse
* \@twosidefalse
* \@mparswitchfalse
* \@reversemarginfalse
* (1in=72.27pt=25.4mm, 1cm=28.453pt)

Package caption Info: Begin \AtBeginDocument code.
Package caption Info: hyperref package is loaded.
Package caption Info: listings package is loaded.
Package caption Info: longtable package is loaded.
(/usr/local/texlive/2026/texmf-dist/tex/latex/caption/ltcaption.sty
Package: ltcaption 2021/01/08 v1.4c longtable captions (AR)
)
Package caption Info: End \AtBeginDocument code.
\c@lstlisting=\count500
Package hyperref Info: Link coloring ON on input line 8.

(./main.out) (./main.out)
\@outlinefile=\write4
\openout4 = `main.out'.

Package biblatex Info: Trying to load language 'arabic' -> 'american'...
Package biblatex Info: ... file 'american.lbx' found.

(/usr/local/texlive/2026/texmf-dist/tex/latex/biblatex/lbx/american.lbx
File: american.lbx 2025/07/10 v3.21 biblatex localization (PK/MW)
Package biblatex Info: Trying to load language 'english'...
Package biblatex Info: ... file 'english.lbx' found.

(/usr/local/texlive/2026/texmf-dist/tex/latex/biblatex/lbx/english.lbx
File: english.lbx 2025/07/10 v3.21 biblatex localization (PK/MW)
)
Package biblatex Info: Trying to load language 'english'...
Package biblatex Info: ... file 'english.lbx' found.

(/usr/local/texlive/2026/texmf-dist/tex/latex/biblatex/lbx/english.lbx
File: english.lbx 2025/07/10 v3.21 biblatex localization (PK/MW)
))
Package biblatex Info: XeTeX detected.
(biblatex)             Assuming input encoding 'utf8'.
Package biblatex Info: Automatic encoding selection.
(biblatex)             Assuming data encoding 'utf8'.
\openout3 = `main.bcf'.

Package biblatex Info: Trying to load bibliographic data...
Package biblatex Info: ... file 'main.bbl' found.

(./main.bbl)
Package biblatex Info: Reference section=0 on input line 8.
Package biblatex Info: Reference segment=0 on input line 8.
) (./Preamble/Frontpage.tex
*geometry* verbose mode - [ newgeometry ] result:
* driver: xetex
* paper: a4paper
* layout: <same size as paper>
* layoutoffset:(h,v)=(0.0pt,0.0pt)
* modes: 
* h-part:(L,W,R)=(72.26999pt, 452.9679pt, 72.26999pt)
* v-part:(T,H,B)=(72.26999pt, 700.50687pt, 72.26999pt)
* \paperwidth=597.50787pt
* \paperheight=845.04684pt
* \textwidth=452.9679pt
* \textheight=700.50687pt
* \oddsidemargin=0.0pt
* \evensidemargin=0.0pt
* \topmargin=-37.0pt
* \headheight=12.0pt
* \headsep=25.0pt
* \topskip=12.0pt
* \footskip=30.0pt
* \marginparwidth=35.0pt
* \marginparsep=10.0pt
* \columnsep=10.0pt
* \skip\footins=10.8pt plus 4.0pt minus 2.0pt
* \hoffset=0.0pt
* \voffset=0.0pt
* \mag=1000
* \@twocolumnfalse
* \@twosidefalse
* \@mparswitchfalse
* \@reversemarginfalse
* (1in=72.27pt=25.4mm, 1cm=28.453pt)

File: images/cairo_uni_logo.png Graphic file (type bmp)
<images/cairo_uni_logo.png>
 [1


] [2]) (./Preamble/Abstract.tex
[3



]

Package fancyhdr Warning: \headheight is too small (12.0pt): 
(fancyhdr)                Make it at least 14.49998pt, for example:
(fancyhdr)                \setlength{\headheight}{14.49998pt}.
(fancyhdr)                You might also make \topmargin smaller:
(fancyhdr)                \addtolength{\topmargin}{-2.49998pt}.

[4]

Package fancyhdr Warning: \headheight is too small (12.0pt): 
(fancyhdr)                Make it at least 14.49998pt, for example:
(fancyhdr)                \setlength{\headheight}{14.49998pt}.
(fancyhdr)                You might also make \topmargin smaller:
(fancyhdr)                \addtolength{\topmargin}{-2.49998pt}.

[5

]) (./Preamble/Acknowledgments.tex [6


]) (./Preamble/toc.tex (./main.toc
[7


]

Package fancyhdr Warning: \headheight is too small (12.0pt): 
(fancyhdr)                Make it at least 14.49998pt, for example:
(fancyhdr)                \setlength{\headheight}{14.49998pt}.
(fancyhdr)                You might also make \topmargin smaller:
(fancyhdr)                \addtolength{\topmargin}{-2.49998pt}.

[8]

Package fancyhdr Warning: \headheight is too small (12.0pt): 
(fancyhdr)                Make it at least 14.49998pt, for example:
(fancyhdr)                \setlength{\headheight}{14.49998pt}.
(fancyhdr)                You might also make \topmargin smaller:
(fancyhdr)                \addtolength{\topmargin}{-2.49998pt}.

[9]

Package fancyhdr Warning: \headheight is too small (12.0pt): 
(fancyhdr)                Make it at least 14.49998pt, for example:
(fancyhdr)                \setlength{\headheight}{14.49998pt}.
(fancyhdr)                You might also make \topmargin smaller:
(fancyhdr)                \addtolength{\topmargin}{-2.49998pt}.

[10]

Package fancyhdr Warning: \headheight is too small (12.0pt): 
(fancyhdr)                Make it at least 14.49998pt, for example:
(fancyhdr)                \setlength{\headheight}{14.49998pt}.
(fancyhdr)                You might also make \topmargin smaller:
(fancyhdr)                \addtolength{\topmargin}{-2.49998pt}.

[11]

Package fancyhdr Warning: \headheight is too small (12.0pt): 
(fancyhdr)                Make it at least 14.49998pt, for example:
(fancyhdr)                \setlength{\headheight}{14.49998pt}.
(fancyhdr)                You might also make \topmargin smaller:
(fancyhdr)                \addtolength{\topmargin}{-2.49998pt}.

[12])
\tf@toc=\write5
\openout5 = `main.toc'.

) (./Preamble/ListofFigures.tex

Package fancyhdr Warning: \headheight is too small (12.0pt): 
(fancyhdr)                Make it at least 14.49998pt, for example:
(fancyhdr)                \setlength{\headheight}{14.49998pt}.
(fancyhdr)                You might also make \topmargin smaller:
(fancyhdr)                \addtolength{\topmargin}{-2.49998pt}.

[13] (./main.lof [14

])
\tf@lof=\write6
\openout6 = `main.lof'.

)

Package fancyhdr Warning: \headheight is too small (12.0pt): 
(fancyhdr)                Make it at least 14.49998pt, for example:
(fancyhdr)                \setlength{\headheight}{14.49998pt}.
(fancyhdr)                You might also make \topmargin smaller:
(fancyhdr)                \addtolength{\topmargin}{-2.49998pt}.

[15] (./main.lot [16

])
\tf@lot=\write7
\openout7 = `main.lot'.

 (./Preamble/Abbreviations.tex

Package fancyhdr Warning: \headheight is too small (12.0pt): 
(fancyhdr)                Make it at least 14.49998pt, for example:
(fancyhdr)                \setlength{\headheight}{14.49998pt}.
(fancyhdr)                You might also make \topmargin smaller:
(fancyhdr)                \addtolength{\topmargin}{-2.49998pt}.

[17] [18

]) (./Preamble/Symbols.tex [19


]) (./Preamble/Contacts.tex [20


]
LaTeX Font Info:    Font shape `TU/Helvetica(0)/m/sl' in size <12> not availabl
e
(Font)              Font shape `TU/Helvetica(0)/m/it' tried instead on input li
ne 33.
 [21

])
\openout2 = `Chapter1/Chapter1.aux'.


(./Chapter1/Chapter1.tex
Chapter 1.
[1




] (./Chapter1/1-motivation.tex

Package fancyhdr Warning: \headheight is too small (12.0pt): 
(fancyhdr)                Make it at least 14.49998pt, for example:
(fancyhdr)                \setlength{\headheight}{14.49998pt}.
(fancyhdr)                You might also make \topmargin smaller:
(fancyhdr)                \addtolength{\topmargin}{-2.49998pt}.

[2]

Package fancyhdr Warning: \headheight is too small (12.0pt): 
(fancyhdr)                Make it at least 14.49998pt, for example:
(fancyhdr)                \setlength{\headheight}{14.49998pt}.
(fancyhdr)                You might also make \topmargin smaller:
(fancyhdr)                \addtolength{\topmargin}{-2.49998pt}.

[3]
Underfull \hbox (badness 10000) in paragraph at lines 37--37
[][]|\TU/Helvetica(0)/b/n/10.95 Representative[]
 []


Underfull \hbox (badness 10000) in paragraph at lines 39--39
[][]|\TU/Helvetica(0)/m/n/10.95 Commercial[]
 []


Underfull \hbox (badness 10000) in paragraph at lines 42--43
[][]|\TU/Helvetica(0)/m/n/10.95 No source access;[]
 []


Underfull \hbox (badness 10000) in paragraph at lines 42--43
[]\TU/Helvetica(0)/m/n/10.95 opaque architecture;[]
 []


Underfull \hbox (badness 10000) in paragraph at lines 44--44
[][]|\TU/Helvetica(0)/m/n/10.95 Legacy OSS[]
 []


Underfull \hbox (badness 10000) in paragraph at lines 45--45
[][]|\TU/Helvetica(0)/m/n/10.95 Moodle, Open[]
 []


Underfull \hbox (badness 10000) in paragraph at lines 46--46
[][]|\TU/Helvetica(0)/m/n/10.95 Institutional adop-[]
 []


Underfull \hbox (badness 10000) in paragraph at lines 46--46
[]\TU/Helvetica(0)/m/n/10.95 tion; rich plugin[]
 []


Underfull \hbox (badness 10000) in paragraph at lines 47--48
[][]|\TU/Helvetica(0)/m/n/10.95 Monolithic plugin[]
 []


Underfull \hbox (badness 10000) in paragraph at lines 52--53
[][]|\TU/Helvetica(0)/m/n/10.95 No e-learning do-[]
 []


Underfull \hbox (badness 10000) in paragraph at lines 54--54
[][]|\TU/Helvetica(0)/m/n/10.95 Vertical SaaS[]
 []


Underfull \hbox (badness 4120) in paragraph at lines 56--56
[][]|\TU/Helvetica(0)/m/n/10.95 Best-in-class single[]
 []


Underfull \hbox (badness 10000) in paragraph at lines 57--58
[][]|\TU/Helvetica(0)/m/n/10.95 No unified domain[]
 []


Underfull \hbox (badness 10000) in paragraph at lines 57--58
[]\TU/Helvetica(0)/m/n/10.95 model or cross-[]
 []


Package fancyhdr Warning: \headheight is too small (12.0pt): 
(fancyhdr)                Make it at least 14.49998pt, for example:
(fancyhdr)                \setlength{\headheight}{14.49998pt}.
(fancyhdr)                You might also make \topmargin smaller:
(fancyhdr)                \addtolength{\topmargin}{-2.49998pt}.

[4]

Package fancyhdr Warning: \headheight is too small (12.0pt): 
(fancyhdr)                Make it at least 14.49998pt, for example:
(fancyhdr)                \setlength{\headheight}{14.49998pt}.
(fancyhdr)                You might also make \topmargin smaller:
(fancyhdr)                \addtolength{\topmargin}{-2.49998pt}.

[5]
File: images/system_overview.png Graphic file (type bmp)
<images/system_overview.png>


Package fancyhdr Warning: \headheight is too small (12.0pt): 
(fancyhdr)                Make it at least 14.49998pt, for example:
(fancyhdr)                \setlength{\headheight}{14.49998pt}.
(fancyhdr)                You might also make \topmargin smaller:
(fancyhdr)                \addtolength{\topmargin}{-2.49998pt}.

[6]) (./Chapter1/2-problem_statement.tex
Underfull \hbox (badness 3579) in paragraph at lines 14--15
[]\TU/Helvetica(0)/m/it/12 and privacy-preserving instructor analytics—while pr
eserving domain[]
 []


Package fancyhdr Warning: \headheight is too small (12.0pt): 
(fancyhdr)                Make it at least 14.49998pt, for example:
(fancyhdr)                \setlength{\headheight}{14.49998pt}.
(fancyhdr)                You might also make \topmargin smaller:
(fancyhdr)                \addtolength{\topmargin}{-2.49998pt}.

[7]
Overfull \hbox (25.03658pt too wide) in paragraph at lines 32--33
[][]\TU/Helvetica(0)/b/n/12 Stripe webhooks \TU/Helvetica(0)/m/n/12 — \TU/lmtt/
m/n/12 payment_intent.succeeded\TU/Helvetica(0)/m/n/12 , \TU/lmtt/m/n/12 paymen
t_intent.payment_failed\TU/Helvetica(0)/m/n/12 ,[]
 []


Overfull \hbox (70.5658pt too wide) in paragraph at lines 34--35
[][]\TU/Helvetica(0)/b/n/12 Internal domain events \TU/Helvetica(0)/m/n/12 — \T
U/lmtt/m/n/12 EnrollmentActivated\TU/Helvetica(0)/m/n/12 , \TU/lmtt/m/n/12 Less
onCompleted\TU/Helvetica(0)/m/n/12 , \TU/lmtt/m/n/12 QuizAttemptSubmitted\TU/He
lvetica(0)/m/n/12 ,[]
 []


Package fancyhdr Warning: \headheight is too small (12.0pt): 
(fancyhdr)                Make it at least 14.49998pt, for example:
(fancyhdr)                \setlength{\headheight}{14.49998pt}.
(fancyhdr)                You might also make \topmargin smaller:
(fancyhdr)                \addtolength{\topmargin}{-2.49998pt}.

[8]
Overfull \hbox (3.72823pt too wide) in paragraph at lines 62--63
[]\TU/Helvetica(0)/m/n/12 scores, revenue by course offering, streak participat
ion rates, discussion engagement—[]
 []


Package fancyhdr Warning: \headheight is too small (12.0pt): 
(fancyhdr)                Make it at least 14.49998pt, for example:
(fancyhdr)                \setlength{\headheight}{14.49998pt}.
(fancyhdr)                You might also make \topmargin smaller:
(fancyhdr)                \addtolength{\topmargin}{-2.49998pt}.

[9]
Underfull \hbox (badness 3019) in paragraph at lines 81--81
[][]|\TU/Helvetica(0)/m/n/10.95 Fair access after pay-[]
 []


Underfull \hbox (badness 10000) in paragraph at lines 82--83
[][]|\TU/Helvetica(0)/m/n/10.95 Idempotent enrollment activation;[]
 []


Underfull \hbox (badness 10000) in paragraph at lines 85--85
[]\TU/Helvetica(0)/m/n/10.95 sistance; performance[]
 []


Underfull \hbox (badness 10000) in paragraph at lines 88--88
[][]|\TU/Helvetica(0)/m/n/10.95 Platform ad-[]
 []


Underfull \hbox (badness 10000) in paragraph at lines 89--89
[][]|\TU/Helvetica(0)/m/n/10.95 Security; auditability;[]
 []


Underfull \hbox (badness 5939) in paragraph at lines 90--91
[][]|\TU/Helvetica(0)/m/n/10.95 RBAC; Audit module; admin dash-[]
 []


Underfull \hbox (badness 10000) in paragraph at lines 97--97
[][]|\TU/Helvetica(0)/m/n/10.95 Reproducibility; self-[]
 []


Underfull \hbox (badness 10000) in paragraph at lines 97--97
[]\TU/Helvetica(0)/m/n/10.95 contained documenta-[]
 []

File: images/bounded_contexts.png Graphic file (type bmp)
<images/bounded_contexts.png>

Package fancyhdr Warning: \headheight is too small (12.0pt): 
(fancyhdr)                Make it at least 14.49998pt, for example:
(fancyhdr)                \setlength{\headheight}{14.49998pt}.
(fancyhdr)                You might also make \topmargin smaller:
(fancyhdr)                \addtolength{\topmargin}{-2.49998pt}.

[10]) (./Chapter1/3-project_objectives.tex

Package fancyhdr Warning: \headheight is too small (12.0pt): 
(fancyhdr)                Make it at least 14.49998pt, for example:
(fancyhdr)                \setlength{\headheight}{14.49998pt}.
(fancyhdr)                You might also make \topmargin smaller:
(fancyhdr)                \addtolength{\topmargin}{-2.49998pt}.

[11]

Package fancyhdr Warning: \headheight is too small (12.0pt): 
(fancyhdr)                Make it at least 14.49998pt, for example:
(fancyhdr)                \setlength{\headheight}{14.49998pt}.
(fancyhdr)                You might also make \topmargin smaller:
(fancyhdr)                \addtolength{\topmargin}{-2.49998pt}.

[12]

Package fancyhdr Warning: \headheight is too small (12.0pt): 
(fancyhdr)                Make it at least 14.49998pt, for example:
(fancyhdr)                \setlength{\headheight}{14.49998pt}.
(fancyhdr)                You might also make \topmargin smaller:
(fancyhdr)                \addtolength{\topmargin}{-2.49998pt}.

[13]
Underfull \hbox (badness 10000) in paragraph at lines 71--72
[][]|\TU/Helvetica(0)/m/n/10.95 Integration + E2E[]
 []


Underfull \hbox (badness 10000) in paragraph at lines 72--73
[][]|\TU/Helvetica(0)/m/n/10.95 Unit + integration[]
 []


Underfull \hbox (badness 3088) in paragraph at lines 74--74
[][]|\TU/Helvetica(0)/m/n/10.95 AI Pipeline, Assess-[]
 []


Underfull \hbox (badness 10000) in paragraph at lines 74--75
[][]|\TU/Helvetica(0)/m/n/10.95 Callback idempo-[]
 []


Underfull \hbox (badness 10000) in paragraph at lines 75--76
[][]|\TU/Helvetica(0)/m/n/10.95 Payment flow int-[]
 []


Underfull \hbox (badness 10000) in paragraph at lines 76--76
[][]|\TU/Helvetica(0)/m/n/10.95 Discussion, Notifica-[]
 []


Underfull \hbox (badness 10000) in paragraph at lines 77--78
[][]|\TU/Helvetica(0)/m/n/10.95 Authorisation +[]
 []


Underfull \hbox (badness 10000) in paragraph at lines 78--79
[][]|\TU/Helvetica(0)/m/n/10.95 Concurrent outbox[]
 []


Package fancyhdr Warning: \headheight is too small (12.0pt): 
(fancyhdr)                Make it at least 14.49998pt, for example:
(fancyhdr)                \setlength{\headheight}{14.49998pt}.
(fancyhdr)                You might also make \topmargin smaller:
(fancyhdr)                \addtolength{\topmargin}{-2.49998pt}.

[14]) (./Chapter1/4-project_outcomes.tex

Package fancyhdr Warning: \headheight is too small (12.0pt): 
(fancyhdr)                Make it at least 14.49998pt, for example:
(fancyhdr)                \setlength{\headheight}{14.49998pt}.
(fancyhdr)                You might also make \topmargin smaller:
(fancyhdr)                \addtolength{\topmargin}{-2.49998pt}.

[15]
Underfull \hbox (badness 3209) in paragraph at lines 34--35
[]\TU/lmtt/m/n/12 Payment\TU/Helvetica(0)/m/n/12 , \TU/lmtt/m/n/12 VideoAsset\T
U/Helvetica(0)/m/n/12 , \TU/lmtt/m/n/12 Quiz\TU/Helvetica(0)/m/n/12 , \TU/lmtt/
m/n/12 QuizAttempt\TU/Helvetica(0)/m/n/12 , \TU/lmtt/m/n/12 LessonProgress\TU/H
elvetica(0)/m/n/12 , \TU/lmtt/m/n/12 DiscussionThread\TU/Helvetica(0)/m/n/12 ,[
]
 []


Package fancyhdr Warning: \headheight is too small (12.0pt): 
(fancyhdr)                Make it at least 14.49998pt, for example:
(fancyhdr)                \setlength{\headheight}{14.49998pt}.
(fancyhdr)                You might also make \topmargin smaller:
(fancyhdr)                \addtolength{\topmargin}{-2.49998pt}.

[16]

Package fancyhdr Warning: \headheight is too small (12.0pt): 
(fancyhdr)                Make it at least 14.49998pt, for example:
(fancyhdr)                \setlength{\headheight}{14.49998pt}.
(fancyhdr)                You might also make \topmargin smaller:
(fancyhdr)                \addtolength{\topmargin}{-2.49998pt}.

[17]
File: images/deliverables_overview.png Graphic file (type bmp)
<images/deliverables_overview.png>


Package fancyhdr Warning: \headheight is too small (12.0pt): 
(fancyhdr)                Make it at least 14.49998pt, for example:
(fancyhdr)                \setlength{\headheight}{14.49998pt}.
(fancyhdr)                You might also make \topmargin smaller:
(fancyhdr)                \addtolength{\topmargin}{-2.49998pt}.

[18]) (./Chapter1/5-document_organization.tex
Underfull \hbox (badness 10000) in paragraph at lines 28--29
[][]|\TU/Helvetica(0)/m/n/10.95 Test strategy, module/integration results,[]
 []


Package fancyhdr Warning: \headheight is too small (12.0pt): 
(fancyhdr)                Make it at least 14.49998pt, for example:
(fancyhdr)                \setlength{\headheight}{14.49998pt}.
(fancyhdr)                You might also make \topmargin smaller:
(fancyhdr)                \addtolength{\topmargin}{-2.49998pt}.

[19]

Package fancyhdr Warning: \headheight is too small (12.0pt): 
(fancyhdr)                Make it at least 14.49998pt, for example:
(fancyhdr)                \setlength{\headheight}{14.49998pt}.
(fancyhdr)                You might also make \topmargin smaller:
(fancyhdr)                \addtolength{\topmargin}{-2.49998pt}.

[20]
Underfull \hbox (badness 2469) in paragraph at lines 52--53
[][]\TU/Helvetica(0)/m/n/12 Background sections (e.g., Sections 3.1–3.2) cover 
pivotal topics including[]
 []


Package fancyhdr Warning: \headheight is too small (12.0pt): 
(fancyhdr)                Make it at least 14.49998pt, for example:
(fancyhdr)                \setlength{\headheight}{14.49998pt}.
(fancyhdr)                You might also make \topmargin smaller:
(fancyhdr)                \addtolength{\topmargin}{-2.49998pt}.

[21]

Package fancyhdr Warning: \headheight is too small (12.0pt): 
(fancyhdr)                Make it at least 14.49998pt, for example:
(fancyhdr)                \setlength{\headheight}{14.49998pt}.
(fancyhdr)                You might also make \topmargin smaller:
(fancyhdr)                \addtolength{\topmargin}{-2.49998pt}.

[22]))

Package fancyhdr Warning: \headheight is too small (12.0pt): 
(fancyhdr)                Make it at least 14.49998pt, for example:
(fancyhdr)                \setlength{\headheight}{14.49998pt}.
(fancyhdr)                You might also make \topmargin smaller:
(fancyhdr)                \addtolength{\topmargin}{-2.49998pt}.

[23]
\openout2 = `Chapter2/Chapter2.aux'.

 (./Chapter2/Chapter2.tex
Chapter 2.
(./Chapter2/1-targeted-customers.tex [24





]
File: images/customer_segments.png Graphic file (type bmp)
<images/customer_segments.png>


Package fancyhdr Warning: \headheight is too small (12.0pt): 
(fancyhdr)                Make it at least 14.49998pt, for example:
(fancyhdr)                \setlength{\headheight}{14.49998pt}.
(fancyhdr)                You might also make \topmargin smaller:
(fancyhdr)                \addtolength{\topmargin}{-2.49998pt}.

[25]

Package fancyhdr Warning: \headheight is too small (12.0pt): 
(fancyhdr)                Make it at least 14.49998pt, for example:
(fancyhdr)                \setlength{\headheight}{14.49998pt}.
(fancyhdr)                You might also make \topmargin smaller:
(fancyhdr)                \addtolength{\topmargin}{-2.49998pt}.

[26]

Package fancyhdr Warning: \headheight is too small (12.0pt): 
(fancyhdr)                Make it at least 14.49998pt, for example:
(fancyhdr)                \setlength{\headheight}{14.49998pt}.
(fancyhdr)                You might also make \topmargin smaller:
(fancyhdr)                \addtolength{\topmargin}{-2.49998pt}.

[27]
Underfull \hbox (badness 10000) in paragraph at lines 64--64
[][]|\TU/Helvetica(0)/m/n/10.95 EdTech star-[]
 []


Underfull \hbox (badness 4805) in paragraph at lines 64--64
[]\TU/Helvetica(0)/m/n/10.95 tups & indie[]
 []


Underfull \hbox (badness 2865) in paragraph at lines 66--66
[][]|\TU/Helvetica(0)/m/n/10.95 CTO / lead devel-[]
 []


Underfull \hbox (badness 10000) in paragraph at lines 74--74
[][]|\TU/Helvetica(0)/m/n/10.95 Corporate[]
 []


Underfull \hbox (badness 10000) in paragraph at lines 77--78
[][]|\TU/Helvetica(0)/m/n/10.95 White-label; SSO-ready;[]
 []

) (./Chapter2/2-market-survey.tex

Package fancyhdr Warning: \headheight is too small (12.0pt): 
(fancyhdr)                Make it at least 14.49998pt, for example:
(fancyhdr)                \setlength{\headheight}{14.49998pt}.
(fancyhdr)                You might also make \topmargin smaller:
(fancyhdr)                \addtolength{\topmargin}{-2.49998pt}.

[28]

Package fancyhdr Warning: \headheight is too small (12.0pt): 
(fancyhdr)                Make it at least 14.49998pt, for example:
(fancyhdr)                \setlength{\headheight}{14.49998pt}.
(fancyhdr)                You might also make \topmargin smaller:
(fancyhdr)                \addtolength{\topmargin}{-2.49998pt}.

[29]

Package fancyhdr Warning: \headheight is too small (12.0pt): 
(fancyhdr)                Make it at least 14.49998pt, for example:
(fancyhdr)                \setlength{\headheight}{14.49998pt}.
(fancyhdr)                You might also make \topmargin smaller:
(fancyhdr)                \addtolength{\topmargin}{-2.49998pt}.

[30]

Package fancyhdr Warning: \headheight is too small (12.0pt): 
(fancyhdr)                Make it at least 14.49998pt, for example:
(fancyhdr)                \setlength{\headheight}{14.49998pt}.
(fancyhdr)                You might also make \topmargin smaller:
(fancyhdr)                \addtolength{\topmargin}{-2.49998pt}.

[31]

Package fancyhdr Warning: \headheight is too small (12.0pt): 
(fancyhdr)                Make it at least 14.49998pt, for example:
(fancyhdr)                \setlength{\headheight}{14.49998pt}.
(fancyhdr)                You might also make \topmargin smaller:
(fancyhdr)                \addtolength{\topmargin}{-2.49998pt}.

[32]

Package fancyhdr Warning: \headheight is too small (12.0pt): 
(fancyhdr)                Make it at least 14.49998pt, for example:
(fancyhdr)                \setlength{\headheight}{14.49998pt}.
(fancyhdr)                You might also make \topmargin smaller:
(fancyhdr)                \addtolength{\topmargin}{-2.49998pt}.

[33]

Package fancyhdr Warning: \headheight is too small (12.0pt): 
(fancyhdr)                Make it at least 14.49998pt, for example:
(fancyhdr)                \setlength{\headheight}{14.49998pt}.
(fancyhdr)                You might also make \topmargin smaller:
(fancyhdr)                \addtolength{\topmargin}{-2.49998pt}.

[34]
Underfull \hbox (badness 6157) in paragraph at lines 173--174
[][]|\TU/Helvetica(0)/b/n/10 Price (indica-[]
 []


Underfull \hbox (badness 10000) in paragraph at lines 181--182
[]\TU/Helvetica(0)/m/n/10 prise; creator[]
 []


Underfull \hbox (badness 10000) in paragraph at lines 189--190
[][]|\TU/Helvetica(0)/m/n/10 $39–$499/mo[]
 []


Underfull \hbox (badness 10000) in paragraph at lines 189--190
[]\TU/Helvetica(0)/m/n/10 + transaction[]
 []


Underfull \hbox (badness 10000) in paragraph at lines 197--198
[][]|\TU/Helvetica(0)/m/n/10 $0–$499/mo[]
 []


Underfull \hbox (badness 10000) in paragraph at lines 197--198
[]\TU/Helvetica(0)/m/n/10 + transaction[]
 []


Underfull \hbox (badness 10000) in paragraph at lines 205--206
[][]|\TU/Helvetica(0)/m/n/10 Free (GPL)[]
 []


Underfull \hbox (badness 10000) in paragraph at lines 205--206
[]\TU/Helvetica(0)/m/n/10 + host-[]
 []


Underfull \hbox (badness 10000) in paragraph at lines 205--206
[]\TU/Helvetica(0)/m/n/10 ing/support[]
 []


Underfull \hbox (badness 10000) in paragraph at lines 207--207
[][]|\TU/Helvetica(0)/m/n/10 Coursera[]
 []


Underfull \hbox (badness 10000) in paragraph at lines 213--214
[][]|\TU/Helvetica(0)/m/n/10 Institutional[]
 []


Underfull \hbox (badness 10000) in paragraph at lines 213--214
[]\TU/Helvetica(0)/m/n/10 licence (per[]
 []


Underfull \hbox (badness 6078) in paragraph at lines 221--222
[][]|\TU/Helvetica(0)/m/n/10 $̃199/yr plugin[]
 []


Underfull \hbox (badness 10000) in paragraph at lines 221--222
[]\TU/Helvetica(0)/m/n/10 + WordPress[]
 []


Underfull \hbox (badness 10000) in paragraph at lines 223--223
[][]|\TU/Helvetica(0)/b/n/10 NexaLearn[]
 []


Underfull \hbox (badness 10000) in paragraph at lines 229--230
[][]|\TU/Helvetica(0)/b/n/10 OSS core[]
 []


Underfull \hbox (badness 10000) in paragraph at lines 229--230
[]\TU/Helvetica(0)/b/n/10 + $5,000/yr[]
 []


Underfull \hbox (badness 10000) in paragraph at lines 229--230
[]\TU/Helvetica(0)/b/n/10 enterprise[]
 []


Overfull \hbox (153.06175pt too wide) in paragraph at lines 165--232
 [][][][] 
 []

File: images/competitive_positioning.png Graphic file (type bmp)
<images/competitive_positioning.png>

Package fancyhdr Warning: \headheight is too small (12.0pt): 
(fancyhdr)                Make it at least 14.49998pt, for example:
(fancyhdr)                \setlength{\headheight}{14.49998pt}.
(fancyhdr)                You might also make \topmargin smaller:
(fancyhdr)                \addtolength{\topmargin}{-2.49998pt}.

[35]) (./Chapter2/3-business-case.tex

Package fancyhdr Warning: \headheight is too small (12.0pt): 
(fancyhdr)                Make it at least 14.49998pt, for example:
(fancyhdr)                \setlength{\headheight}{14.49998pt}.
(fancyhdr)                You might also make \topmargin smaller:
(fancyhdr)                \addtolength{\topmargin}{-2.49998pt}.

[36]
Underfull \hbox (badness 10000) in paragraph at lines 43--44
[]\TU/Helvetica(0)/m/n/12 utes), monitoring (Datadog/Grafana[]
 []


Underfull \hbox (badness 4608) in paragraph at lines 47--48
[][]|\TU/Helvetica(0)/m/n/12 Stripe Connect/platform configuration,[]
 []


Package fancyhdr Warning: \headheight is too small (12.0pt): 
(fancyhdr)                Make it at least 14.49998pt, for example:
(fancyhdr)                \setlength{\headheight}{14.49998pt}.
(fancyhdr)                You might also make \topmargin smaller:
(fancyhdr)                \addtolength{\topmargin}{-2.49998pt}.

[37]
Underfull \hbox (badness 5119) in paragraph at lines 71--72
[][]|\TU/Helvetica(0)/m/n/12 API containers, PostgreSQL (man-[]
 []


Overfull \hbox (35.28055pt too wide) in paragraph at lines 65--88
 [][][][] 
 []


Package fancyhdr Warning: \headheight is too small (12.0pt): 
(fancyhdr)                Make it at least 14.49998pt, for example:
(fancyhdr)                \setlength{\headheight}{14.49998pt}.
(fancyhdr)                You might also make \topmargin smaller:
(fancyhdr)                \addtolength{\topmargin}{-2.49998pt}.

[38]

Package fancyhdr Warning: \headheight is too small (12.0pt): 
(fancyhdr)                Make it at least 14.49998pt, for example:
(fancyhdr)                \setlength{\headheight}{14.49998pt}.
(fancyhdr)                You might also make \topmargin smaller:
(fancyhdr)                \addtolength{\topmargin}{-2.49998pt}.

[39]
Overfull \hbox (48.49315pt too wide) in alignment at lines 109--120
 [] [] [] [] [] [] [] 
 []


Overfull \hbox (48.49315pt too wide) in alignment at lines 120--124
 [] [] [] [] [] [] [] 
 []


Overfull \hbox (48.49315pt too wide) in alignment at lines 124--127
 [] [] [] [] [] [] [] 
 []


Overfull \hbox (48.49315pt too wide) in alignment at lines 127--153
 [] [] [] [] [] [] [] 
 []


Package fancyhdr Warning: \headheight is too small (12.0pt): 
(fancyhdr)                Make it at least 14.49998pt, for example:
(fancyhdr)                \setlength{\headheight}{14.49998pt}.
(fancyhdr)                You might also make \topmargin smaller:
(fancyhdr)                \addtolength{\topmargin}{-2.49998pt}.

[40]
File: images/break_even_chart.png Graphic file (type bmp)
<images/break_even_chart.png>


Package fancyhdr Warning: \headheight is too small (12.0pt): 
(fancyhdr)                Make it at least 14.49998pt, for example:
(fancyhdr)                \setlength{\headheight}{14.49998pt}.
(fancyhdr)                You might also make \topmargin smaller:
(fancyhdr)                \addtolength{\topmargin}{-2.49998pt}.

[41]

Package fancyhdr Warning: \headheight is too small (12.0pt): 
(fancyhdr)                Make it at least 14.49998pt, for example:
(fancyhdr)                \setlength{\headheight}{14.49998pt}.
(fancyhdr)                You might also make \topmargin smaller:
(fancyhdr)                \addtolength{\topmargin}{-2.49998pt}.

[42]))

Package fancyhdr Warning: \headheight is too small (12.0pt): 
(fancyhdr)                Make it at least 14.49998pt, for example:
(fancyhdr)                \setlength{\headheight}{14.49998pt}.
(fancyhdr)                You might also make \topmargin smaller:
(fancyhdr)                \addtolength{\topmargin}{-2.49998pt}.

[43]
\openout2 = `Chapter3/Chapter3.aux'.

 (./Chapter3/Chapter3.tex
Chapter 3.
(./Chapter3/1-ddd-clean-architecture.tex
Overfull \hbox (3.2782pt too wide) in paragraph at lines 5--5
 []|[]\TU/Helvetica(0)/b/n/18 Background on Domain-Driven Design and Clean[]
 []

[44





]

Package fancyhdr Warning: \headheight is too small (12.0pt): 
(fancyhdr)                Make it at least 14.49998pt, for example:
(fancyhdr)                \setlength{\headheight}{14.49998pt}.
(fancyhdr)                You might also make \topmargin smaller:
(fancyhdr)                \addtolength{\topmargin}{-2.49998pt}.

[45]
Overfull \hbox (11.56909pt too wide) in paragraph at lines 25--26
[][]\TU/Helvetica(0)/m/n/12 NexaLearn’s codebase applies these tactical pattern
s systematically. The \TU/lmtt/m/n/12 QuizEntity[]
 []


Overfull \hbox (0.44809pt too wide) in paragraph at lines 35--36
[]\TU/Helvetica(0)/m/n/12 jects to fulfil a single user story. Each use case (e
.g., \TU/lmtt/m/n/12 SubmitQuizAttemptUseCase\TU/Helvetica(0)/m/n/12 ,[]
 []


Package fancyhdr Warning: \headheight is too small (12.0pt): 
(fancyhdr)                Make it at least 14.49998pt, for example:
(fancyhdr)                \setlength{\headheight}{14.49998pt}.
(fancyhdr)                You might also make \topmargin smaller:
(fancyhdr)                \addtolength{\topmargin}{-2.49998pt}.

[46]) (./Chapter3/2-event-driven-outbox.tex

Package fancyhdr Warning: \headheight is too small (12.0pt): 
(fancyhdr)                Make it at least 14.49998pt, for example:
(fancyhdr)                \setlength{\headheight}{14.49998pt}.
(fancyhdr)                You might also make \topmargin smaller:
(fancyhdr)                \addtolength{\topmargin}{-2.49998pt}.

[47]

Package fancyhdr Warning: \headheight is too small (12.0pt): 
(fancyhdr)                Make it at least 14.49998pt, for example:
(fancyhdr)                \setlength{\headheight}{14.49998pt}.
(fancyhdr)                You might also make \topmargin smaller:
(fancyhdr)                \addtolength{\topmargin}{-2.49998pt}.

[48]
Underfull \hbox (badness 10000) in paragraph at lines 27--28
[]\TU/lmtt/m/n/12 IS NULL ORDER BY created_at ASC LIMIT $\OML/cmm/m/it/12 n$ \T
U/lmtt/m/n/12 FOR UPDATE SKIP LOCKED\TU/Helvetica(0)/m/n/12 . The[]
 []


Overfull \hbox (18.20885pt too wide) in paragraph at lines 32--33
[]\TU/lmtt/m/n/12 event_id \TU/Helvetica(0)/m/n/12 (foreign key to outbox_event
s), \TU/lmtt/m/n/12 projection_type \TU/Helvetica(0)/m/n/12 (e.g., \TU/lmtt/m/n
/12 course-progress-view\TU/Helvetica(0)/m/n/12 ),[]
 []


Overfull \hbox (83.31999pt too wide) in paragraph at lines 32--33
[]\TU/Helvetica(0)/m/n/12 Before applying an event to a projection, the handler
 attempts \TU/lmtt/m/n/12 INSERT INTO projection_event_ledger[]
 []


Underfull \hbox (badness 10000) in paragraph at lines 32--33
[]\TU/lmtt/m/n/12 (event_id, projection_type, handler_id) VALUES ($1, $2, $3) O
N CONFLICT[]
 []


Package fancyhdr Warning: \headheight is too small (12.0pt): 
(fancyhdr)                Make it at least 14.49998pt, for example:
(fancyhdr)                \setlength{\headheight}{14.49998pt}.
(fancyhdr)                You might also make \topmargin smaller:
(fancyhdr)                \addtolength{\topmargin}{-2.49998pt}.

[49]) (./Chapter3/3-ai-elearning.tex

Package fancyhdr Warning: \headheight is too small (12.0pt): 
(fancyhdr)                Make it at least 14.49998pt, for example:
(fancyhdr)                \setlength{\headheight}{14.49998pt}.
(fancyhdr)                You might also make \topmargin smaller:
(fancyhdr)                \addtolength{\topmargin}{-2.49998pt}.

[50]

Package fancyhdr Warning: \headheight is too small (12.0pt): 
(fancyhdr)                Make it at least 14.49998pt, for example:
(fancyhdr)                \setlength{\headheight}{14.49998pt}.
(fancyhdr)                You might also make \topmargin smaller:
(fancyhdr)                \addtolength{\topmargin}{-2.49998pt}.

[51]

Package fancyhdr Warning: \headheight is too small (12.0pt): 
(fancyhdr)                Make it at least 14.49998pt, for example:
(fancyhdr)                \setlength{\headheight}{14.49998pt}.
(fancyhdr)                You might also make \topmargin smaller:
(fancyhdr)                \addtolength{\topmargin}{-2.49998pt}.

[52]) (./Chapter3/4-video-streaming.tex

Package fancyhdr Warning: \headheight is too small (12.0pt): 
(fancyhdr)                Make it at least 14.49998pt, for example:
(fancyhdr)                \setlength{\headheight}{14.49998pt}.
(fancyhdr)                You might also make \topmargin smaller:
(fancyhdr)                \addtolength{\topmargin}{-2.49998pt}.

[53]
Overfull \hbox (17.66301pt too wide) in paragraph at lines 21--22
[]\TU/Helvetica(0)/m/n/12 events: \TU/lmtt/m/n/12 video.upload.asset_created\TU
/Helvetica(0)/m/n/12 , \TU/lmtt/m/n/12 video.asset.ready\TU/Helvetica(0)/m/n/12
 , \TU/lmtt/m/n/12 video.asset.errored\TU/Helvetica(0)/m/n/12 ,[]
 []

LaTeX Font Info:    Font shape `TU/lmtt/bx/n' in size <12> not available
(Font)              Font shape `TU/lmtt/b/n' tried instead on input line 30.

Package fancyhdr Warning: \headheight is too small (12.0pt): 
(fancyhdr)                Make it at least 14.49998pt, for example:
(fancyhdr)                \setlength{\headheight}{14.49998pt}.
(fancyhdr)                You might also make \topmargin smaller:
(fancyhdr)                \addtolength{\topmargin}{-2.49998pt}.

[54]) (./Chapter3/5-comparative-study.tex

Package fancyhdr Warning: \headheight is too small (12.0pt): 
(fancyhdr)                Make it at least 14.49998pt, for example:
(fancyhdr)                \setlength{\headheight}{14.49998pt}.
(fancyhdr)                You might also make \topmargin smaller:
(fancyhdr)                \addtolength{\topmargin}{-2.49998pt}.

[55]

Package fancyhdr Warning: \headheight is too small (12.0pt): 
(fancyhdr)                Make it at least 14.49998pt, for example:
(fancyhdr)                \setlength{\headheight}{14.49998pt}.
(fancyhdr)                You might also make \topmargin smaller:
(fancyhdr)                \addtolength{\topmargin}{-2.49998pt}.

[56]
Underfull \hbox (badness 10000) in paragraph at lines 52--52
[][]|\TU/Helvetica(0)/m/n/10.95 DDD bounded[]
 []


Underfull \hbox (badness 7540) in paragraph at lines 73--73
[][]|\TU/Helvetica(0)/m/n/10.95 Idempotent event[]
 []


Underfull \hbox (badness 10000) in paragraph at lines 94--94
[][]|\TU/Helvetica(0)/m/n/10.95 Human-in-the-loop[]
 []


Underfull \hbox (badness 10000) in paragraph at lines 108--108
[][]|\TU/Helvetica(0)/m/n/10.95 HMAC callback[]
 []


Overfull \hbox (11.06064pt too wide) in paragraph at lines 43--123
 [][][][] 
 []


Package fancyhdr Warning: \headheight is too small (12.0pt): 
(fancyhdr)                Make it at least 14.49998pt, for example:
(fancyhdr)                \setlength{\headheight}{14.49998pt}.
(fancyhdr)                You might also make \topmargin smaller:
(fancyhdr)                \addtolength{\topmargin}{-2.49998pt}.

[57]) (./Chapter3/6-implemented-approach.tex

Package fancyhdr Warning: \headheight is too small (12.0pt): 
(fancyhdr)                Make it at least 14.49998pt, for example:
(fancyhdr)                \setlength{\headheight}{14.49998pt}.
(fancyhdr)                You might also make \topmargin smaller:
(fancyhdr)                \addtolength{\topmargin}{-2.49998pt}.

[58]

Package fancyhdr Warning: \headheight is too small (12.0pt): 
(fancyhdr)                Make it at least 14.49998pt, for example:
(fancyhdr)                \setlength{\headheight}{14.49998pt}.
(fancyhdr)                You might also make \topmargin smaller:
(fancyhdr)                \addtolength{\topmargin}{-2.49998pt}.

[59]
Overfull \hbox (0.8433pt too wide) in paragraph at lines 27--28
[][]\TU/Helvetica(0)/b/n/12 Raw query support. \TU/Helvetica(0)/m/n/12 While Pr
isma’s generated client covers 95% of NexaLearn’s[]
 []


Overfull \hbox (0.43205pt too wide) in paragraph at lines 35--36
[][]\TU/Helvetica(0)/b/n/12 Deployment simplicity. \TU/Helvetica(0)/m/n/12 A Po
stgreSQL-only dependency means that NexaLearn[]
 []


Package fancyhdr Warning: \headheight is too small (12.0pt): 
(fancyhdr)                Make it at least 14.49998pt, for example:
(fancyhdr)                \setlength{\headheight}{14.49998pt}.
(fancyhdr)                You might also make \topmargin smaller:
(fancyhdr)                \addtolength{\topmargin}{-2.49998pt}.

[60]
Underfull \hbox (badness 10000) in paragraph at lines 70--70
[][]|\TU/Helvetica(0)/m/n/10.95 Spring Boot,[]
 []


Underfull \hbox (badness 10000) in paragraph at lines 71--72
[][]|\TU/Helvetica(0)/m/n/10.95 TypeScript ecosystem[]
 []


Underfull \hbox (badness 10000) in paragraph at lines 75--75
[][]|\TU/Helvetica(0)/m/n/10.95 TypeORM,[]
 []


Underfull \hbox (badness 10000) in paragraph at lines 80--80
[][]|\TU/Helvetica(0)/m/n/10.95 Kafka, Rab-[]
 []


Underfull \hbox (badness 10000) in paragraph at lines 81--82
[][]|\TU/Helvetica(0)/m/n/10.95 No broker dependency[]
 []


Underfull \hbox (badness 10000) in paragraph at lines 83--83
[][]|\TU/Helvetica(0)/m/n/10.95 Deployment[]
 []


Underfull \hbox (badness 10000) in paragraph at lines 84--84
[][]|\TU/Helvetica(0)/m/n/10.95 Modular[]
 []


Underfull \hbox (badness 5771) in paragraph at lines 86--87
[][]|\TU/Helvetica(0)/m/n/10.95 Reduced ops overhead;[]
 []


Underfull \hbox (badness 2435) in paragraph at lines 86--87
[]\TU/Helvetica(0)/m/n/10.95 no network latency; ex-[]
 []


Underfull \hbox (badness 10000) in paragraph at lines 89--89
[][]|\TU/Helvetica(0)/m/n/10.95 HMAC-signed[]
 []


Underfull \hbox (badness 10000) in paragraph at lines 90--90
[][]|\TU/Helvetica(0)/m/n/10.95 Polling, syn-[]
 []


Underfull \hbox (badness 2158) in paragraph at lines 91--92
[][]|\TU/Helvetica(0)/m/n/10.95 Stripe-style security; de-[]
 []


Underfull \hbox (badness 7832) in paragraph at lines 94--94
[][]|\TU/Helvetica(0)/m/n/10.95 Mux (HLS +[]
 []


Underfull \hbox (badness 10000) in paragraph at lines 95--95
[][]|\TU/Helvetica(0)/m/n/10.95 Cloudflare[]
 []


Underfull \hbox (badness 10000) in paragraph at lines 95--95
[]\TU/Helvetica(0)/m/n/10.95 Stream,[]
 []


Underfull \hbox (badness 10000) in paragraph at lines 95--95
[]\TU/Helvetica(0)/m/n/10.95 self-hosted[]
 []


Underfull \hbox (badness 10000) in paragraph at lines 96--97
[][]|\TU/Helvetica(0)/m/n/10.95 Managed transcoding;[]
 []


Underfull \hbox (badness 10000) in paragraph at lines 96--97
[]\TU/Helvetica(0)/m/n/10.95 JWT-signed playback;[]
 []


Package fancyhdr Warning: \headheight is too small (12.0pt): 
(fancyhdr)                Make it at least 14.49998pt, for example:
(fancyhdr)                \setlength{\headheight}{14.49998pt}.
(fancyhdr)                You might also make \topmargin smaller:
(fancyhdr)                \addtolength{\topmargin}{-2.49998pt}.

[61]))

Package fancyhdr Warning: \headheight is too small (12.0pt): 
(fancyhdr)                Make it at least 14.49998pt, for example:
(fancyhdr)                \setlength{\headheight}{14.49998pt}.
(fancyhdr)                You might also make \topmargin smaller:
(fancyhdr)                \addtolength{\topmargin}{-2.49998pt}.

[62]
\openout2 = `Chapter4/Chapter4.aux'.

 (./Chapter4/Chapter4.tex
Chapter 4.
(./Chapter4/introduction.tex [63





]) (./Chapter4/system_architecture.tex

Package fancyhdr Warning: \headheight is too small (12.0pt): 
(fancyhdr)                Make it at least 14.49998pt, for example:
(fancyhdr)                \setlength{\headheight}{14.49998pt}.
(fancyhdr)                You might also make \topmargin smaller:
(fancyhdr)                \addtolength{\topmargin}{-2.49998pt}.

[64]
File: images/system_arch.png Graphic file (type bmp)
<images/system_arch.png>
File: images/module_interaction.png Graphic file (type bmp)
<images/module_interaction.png>


Package fancyhdr Warning: \headheight is too small (12.0pt): 
(fancyhdr)                Make it at least 14.49998pt, for example:
(fancyhdr)                \setlength{\headheight}{14.49998pt}.
(fancyhdr)                You might also make \topmargin smaller:
(fancyhdr)                \addtolength{\topmargin}{-2.49998pt}.

[65]
Underfull \hbox (badness 10000) in paragraph at lines 50--50
[][]|\TU/Helvetica(0)/m/n/12 UserLoggedIn,[]
 []


Underfull \hbox (badness 10000) in paragraph at lines 50--50
[]\TU/Helvetica(0)/m/n/12 UserLoggedOut,[]
 []


Overfull \hbox (3.67393pt too wide) in paragraph at lines 52--52
[][]|\TU/Helvetica(0)/m/n/12 CoursePublished,[]
 []


Underfull \hbox (badness 10000) in paragraph at lines 52--52
[]\TU/Helvetica(0)/m/n/12 LessonUpdated,[]
 []


Overfull \hbox (6.14238pt too wide) in paragraph at lines 54--54
[][]|\TU/Helvetica(0)/m/n/12 Enrollment| []
 []


Underfull \hbox (badness 6428) in paragraph at lines 54--54
[][]|\TU/Helvetica(0)/m/n/12 Enrollment, En-[]
 []


Overfull \hbox (19.00206pt too wide) in paragraph at lines 54--54
[][]|\TU/Helvetica(0)/m/n/12 EnrollmentActivated,[]
 []


Underfull \hbox (badness 10000) in paragraph at lines 54--54
[]\TU/Helvetica(0)/m/n/12 EnrollmentCan-[]
 []


Underfull \hbox (badness 10000) in paragraph at lines 54--54
[]\TU/Helvetica(0)/m/n/12 celled, Enroll-[]
 []


Underfull \hbox (badness 10000) in paragraph at lines 54--55
[][]|\TU/Helvetica(0)/m/n/12 Payments,[]
 []


Overfull \hbox (2.14043pt too wide) in paragraph at lines 56--56
[][]|\TU/Helvetica(0)/m/n/12 Payments| []
 []


Underfull \hbox (badness 10000) in paragraph at lines 56--56
[][]|\TU/Helvetica(0)/m/n/12 PaymentIntent,[]
 []


Underfull \hbox (badness 10000) in paragraph at lines 56--56
[]\TU/Helvetica(0)/m/n/12 PaymentTrans-[]
 []


Overfull \hbox (19.6876pt too wide) in paragraph at lines 56--56
[][]|\TU/Helvetica(0)/m/n/12 PaymentSucceeded,[]
 []


Underfull \hbox (badness 10000) in paragraph at lines 56--56
[]\TU/Helvetica(0)/m/n/12 PaymentFailed,[]
 []


Underfull \hbox (badness 10000) in paragraph at lines 56--56
[]\TU/Helvetica(0)/m/n/12 PaymentRe-[]
 []


Underfull \hbox (badness 10000) in paragraph at lines 58--58
[][]|\TU/Helvetica(0)/m/n/12 VideoAsset,[]
 []


Underfull \hbox (badness 10000) in paragraph at lines 58--58
[][]|\TU/Helvetica(0)/m/n/12 VideoUploaded,[]
 []


Underfull \hbox (badness 10000) in paragraph at lines 58--58
[]\TU/Helvetica(0)/m/n/12 VideoReady,[]
 []


Underfull \hbox (badness 10000) in paragraph at lines 60--60
[][]|\TU/Helvetica(0)/m/n/12 AI-[]
 []


Underfull \hbox (badness 10000) in paragraph at lines 60--60
[][]|\TU/Helvetica(0)/m/n/12 AI-[]
 []


Underfull \hbox (badness 10000) in paragraph at lines 60--60
[][]|\TU/Helvetica(0)/m/n/12 GenerationJob,[]
 []


Underfull \hbox (badness 10000) in paragraph at lines 60--60
[][]|\TU/Helvetica(0)/m/n/12 JobCompleted,[]
 []


Underfull \hbox (badness 10000) in paragraph at lines 60--60
[]\TU/Helvetica(0)/m/n/12 Callback-[]
 []


Underfull \hbox (badness 10000) in paragraph at lines 60--60
[]\TU/Helvetica(0)/m/n/12 Received,[]
 []


Underfull \hbox (badness 10000) in paragraph at lines 60--60
[]\TU/Helvetica(0)/m/n/12 QuizReady-[]
 []


Overfull \hbox (8.44997pt too wide) in paragraph at lines 62--62
[][]|\TU/Helvetica(0)/m/n/12 Assessment| []
 []


Overfull \hbox (14.14043pt too wide) in paragraph at lines 62--62
[][]|\TU/Helvetica(0)/m/n/12 Assessment| []
 []


Underfull \hbox (badness 6412) in paragraph at lines 62--62
[][]|\TU/Helvetica(0)/m/n/12 Quiz, Question,[]
 []


Underfull \hbox (badness 10000) in paragraph at lines 62--62
[]\TU/Helvetica(0)/m/n/12 QuestionOption,[]
 []


Underfull \hbox (badness 10000) in paragraph at lines 62--62
[]\TU/Helvetica(0)/m/n/12 QuizAttempt,[]
 []


Underfull \hbox (badness 10000) in paragraph at lines 62--62
[]\TU/Helvetica(0)/m/n/12 ShortAnswer-[]
 []


Overfull \hbox (32.338pt too wide) in paragraph at lines 62--62
[][]|\TU/Helvetica(0)/m/n/12 QuizAttemptSubmitted,[]
 []


Underfull \hbox (badness 10000) in paragraph at lines 62--62
[]\TU/Helvetica(0)/m/n/12 AttemptGraded,[]
 []


Underfull \hbox (badness 10000) in paragraph at lines 62--63
[][]|\TU/Helvetica(0)/m/n/12 Courses,[]
 []


Overfull \hbox (1.11403pt too wide) in paragraph at lines 64--64
[][]|\TU/Helvetica(0)/m/n/12 Discussion| []
 []


Overfull \hbox (6.80449pt too wide) in paragraph at lines 64--64
[][]|\TU/Helvetica(0)/m/n/12 Discussion| []
 []


Underfull \hbox (badness 10000) in paragraph at lines 64--64
[][]|\TU/Helvetica(0)/m/n/12 Thread, Post,[]
 []


Underfull \hbox (badness 10000) in paragraph at lines 64--64
[]\TU/Helvetica(0)/m/n/12 ThreadInstruc-[]
 []


Underfull \hbox (badness 10000) in paragraph at lines 64--64
[][]|\TU/Helvetica(0)/m/n/12 ThreadCreated,[]
 []


Underfull \hbox (badness 10000) in paragraph at lines 64--64
[]\TU/Helvetica(0)/m/n/12 PostAdded,[]
 []


Overfull \hbox (24.12901pt too wide) in paragraph at lines 66--66
[][]|\TU/Helvetica(0)/m/n/12 CourseProgressView,[]
 []


Underfull \hbox (badness 10000) in paragraph at lines 66--66
[]\TU/Helvetica(0)/m/n/12 LessonProgress,[]
 []


Underfull \hbox (badness 10000) in paragraph at lines 66--66
[]\TU/Helvetica(0)/m/n/12 ResumeView,[]
 []


Overfull \hbox (5.67198pt too wide) in paragraph at lines 66--66
[][]|\TU/Helvetica(0)/m/n/12 ProgressUpdated,[]
 []


Underfull \hbox (badness 10000) in paragraph at lines 66--66
[]\TU/Helvetica(0)/m/n/12 Lesson-[]
 []


Underfull \hbox (badness 10000) in paragraph at lines 66--66
[]\TU/Helvetica(0)/m/n/12 Completed,[]
 []


Underfull \hbox (badness 10000) in paragraph at lines 66--67
[][]|\TU/Helvetica(0)/m/n/12 Enrollment,[]
 []


Underfull \hbox (badness 10000) in paragraph at lines 68--68
[][]|\TU/Helvetica(0)/m/n/12 Review, Re-[]
 []


Overfull \hbox (5.66026pt too wide) in paragraph at lines 68--68
[][]|\TU/Helvetica(0)/m/n/12 ReviewSubmitted,[]
 []


Overfull \hbox (3.11208pt too wide) in paragraph at lines 70--70
[][]|\TU/Helvetica(0)/m/n/12 Certificates| []
 []


Overfull \hbox (8.80254pt too wide) in paragraph at lines 70--70
[][]|\TU/Helvetica(0)/m/n/12 Certificates| []
 []


Underfull \hbox (badness 3838) in paragraph at lines 70--70
[][]|\TU/Helvetica(0)/m/n/12 Certificate, Cer-[]
 []


Overfull \hbox (1.65831pt too wide) in paragraph at lines 70--70
[][]|\TU/Helvetica(0)/m/n/12 CertificateIssued,[]
 []


Underfull \hbox (badness 10000) in paragraph at lines 70--70
[]\TU/Helvetica(0)/m/n/12 CertificateRe-[]
 []


Underfull \hbox (badness 10000) in paragraph at lines 70--71
[][]|\TU/Helvetica(0)/m/n/12 Enrollment,[]
 []


Overfull \hbox (18.34581pt too wide) in paragraph at lines 72--72
[][]|\TU/Helvetica(0)/m/n/12 CourseSearchIndex,[]
 []


Underfull \hbox (badness 10000) in paragraph at lines 72--72
[]\TU/Helvetica(0)/m/n/12 LessonSearchIn-[]
 []


Overfull \hbox (21.69737pt too wide) in paragraph at lines 72--72
[][]|\TU/Helvetica(0)/m/n/12 SearchIndexUpdated| []
 []


Underfull \hbox (badness 10000) in paragraph at lines 74--74
[][]|\TU/Helvetica(0)/m/n/12 StreakRecord,[]
 []


Overfull \hbox (13.67003pt too wide) in paragraph at lines 74--74
[][]|\TU/Helvetica(0)/m/n/12 StreakIncremented,[]
 []


Underfull \hbox (badness 10000) in paragraph at lines 74--74
[]\TU/Helvetica(0)/m/n/12 StreakMile-[]
 []


Overfull \hbox (8.45583pt too wide) in paragraph at lines 76--76
[][]|\TU/Helvetica(0)/m/n/12 Notifications| []
 []


Overfull \hbox (14.14629pt too wide) in paragraph at lines 76--76
[][]|\TU/Helvetica(0)/m/n/12 Notifications| []
 []


Underfull \hbox (badness 10000) in paragraph at lines 76--76
[][]|\TU/Helvetica(0)/m/n/12 Notification,[]
 []


Underfull \hbox (badness 10000) in paragraph at lines 76--76
[]\TU/Helvetica(0)/m/n/12 EmailTemplate,[]
 []


Underfull \hbox (badness 10000) in paragraph at lines 76--76
[]\TU/Helvetica(0)/m/n/12 NotificationPref-[]
 []


Underfull \hbox (badness 10000) in paragraph at lines 76--76
[][]|\TU/Helvetica(0)/m/n/12 NotificationSent,[]
 []


Underfull \hbox (badness 10000) in paragraph at lines 76--76
[]\TU/Helvetica(0)/m/n/12 EmailDelivered,[]
 []


Underfull \hbox (badness 10000) in paragraph at lines 76--77
[][]|\TU/Helvetica(0)/m/n/12 Auth, Dis-[]
 []


Underfull \hbox (badness 10000) in paragraph at lines 76--77
[]\TU/Helvetica(0)/m/n/12 cussion,[]
 []


Underfull \hbox (badness 10000) in paragraph at lines 76--77
[]\TU/Helvetica(0)/m/n/12 Assessment,[]
 []


Overfull \hbox (35.46104pt too wide) in paragraph at lines 78--78
[][]|\TU/Helvetica(0)/m/n/12 InstructorAnalyticsView,[]
 []


Underfull \hbox (badness 10000) in paragraph at lines 78--78
[]\TU/Helvetica(0)/m/n/12 InstructorDash-[]
 []


Underfull \hbox (badness 10000) in paragraph at lines 78--79
[][]|\TU/Helvetica(0)/m/n/12 Progress,[]
 []


Underfull \hbox (badness 10000) in paragraph at lines 78--79
[]\TU/Helvetica(0)/m/n/12 Assessment,[]
 []


Package fancyhdr Warning: \headheight is too small (12.0pt): 
(fancyhdr)                Make it at least 14.49998pt, for example:
(fancyhdr)                \setlength{\headheight}{14.49998pt}.
(fancyhdr)                You might also make \topmargin smaller:
(fancyhdr)                \addtolength{\topmargin}{-2.49998pt}.

[66]

Package fancyhdr Warning: \headheight is too small (12.0pt): 
(fancyhdr)                Make it at least 14.49998pt, for example:
(fancyhdr)                \setlength{\headheight}{14.49998pt}.
(fancyhdr)                You might also make \topmargin smaller:
(fancyhdr)                \addtolength{\topmargin}{-2.49998pt}.

[67]) (./Chapter4/auth_module.tex

Package fancyhdr Warning: \headheight is too small (12.0pt): 
(fancyhdr)                Make it at least 14.49998pt, for example:
(fancyhdr)                \setlength{\headheight}{14.49998pt}.
(fancyhdr)                You might also make \topmargin smaller:
(fancyhdr)                \addtolength{\topmargin}{-2.49998pt}.

[68]
Overfull \hbox (98.5164pt too wide) in paragraph at lines 20--21
[][]\TU/Helvetica(0)/m/n/12 A 64-character cryptographically random string gene
rated via \TU/lmtt/m/n/12 crypto.randomBytes(48)\TU/Helvetica(0)/m/n/12 .[]
 []


Package fancyhdr Warning: \headheight is too small (12.0pt): 
(fancyhdr)                Make it at least 14.49998pt, for example:
(fancyhdr)                \setlength{\headheight}{14.49998pt}.
(fancyhdr)                You might also make \topmargin smaller:
(fancyhdr)                \addtolength{\topmargin}{-2.49998pt}.

[69]
Package hyperref Info: bookmark level for unknown lstlisting defaults to 0 on i
nput line 43.
LaTeX Font Info:    Font shape `TU/lmtt/bx/n' in size <10.95> not available
(Font)              Font shape `TU/lmtt/b/n' tried instead on input line 44.


Package fancyhdr Warning: \headheight is too small (12.0pt): 
(fancyhdr)                Make it at least 14.49998pt, for example:
(fancyhdr)                \setlength{\headheight}{14.49998pt}.
(fancyhdr)                You might also make \topmargin smaller:
(fancyhdr)                \addtolength{\topmargin}{-2.49998pt}.

[70]
File: images/statemachines/auth_session_statemachine.png Graphic file (type bmp
)
<images/statemachines/auth_session_statemachine.png>
) (./Chapter4/course_module.tex

Package fancyhdr Warning: \headheight is too small (12.0pt): 
(fancyhdr)                Make it at least 14.49998pt, for example:
(fancyhdr)                \setlength{\headheight}{14.49998pt}.
(fancyhdr)                You might also make \topmargin smaller:
(fancyhdr)                \addtolength{\topmargin}{-2.49998pt}.

[71]

Package fancyhdr Warning: \headheight is too small (12.0pt): 
(fancyhdr)                Make it at least 14.49998pt, for example:
(fancyhdr)                \setlength{\headheight}{14.49998pt}.
(fancyhdr)                You might also make \topmargin smaller:
(fancyhdr)                \addtolength{\topmargin}{-2.49998pt}.

[72]

Package fancyhdr Warning: \headheight is too small (12.0pt): 
(fancyhdr)                Make it at least 14.49998pt, for example:
(fancyhdr)                \setlength{\headheight}{14.49998pt}.
(fancyhdr)                You might also make \topmargin smaller:
(fancyhdr)                \addtolength{\topmargin}{-2.49998pt}.

[73]
Overfull \hbox (7.64542pt too wide) in paragraph at lines 93--94
[]\TU/Helvetica(0)/m/n/12 header. The system maintains an idempotency ledger ta
ble (\TU/lmtt/m/n/12 course_idempotency_keys\TU/Helvetica(0)/m/n/12 )[]
 []

File: images/statemachines/course_curriculum_statemachine.png Graphic file (typ
e bmp)
<images/statemachines/course_curriculum_statemachine.png>
) (./Chapter4/media_module.tex

Package fancyhdr Warning: \headheight is too small (12.0pt): 
(fancyhdr)                Make it at least 14.49998pt, for example:
(fancyhdr)                \setlength{\headheight}{14.49998pt}.
(fancyhdr)                You might also make \topmargin smaller:
(fancyhdr)                \addtolength{\topmargin}{-2.49998pt}.

[74]
File: images/statemachines/video_asset_statemachine.png Graphic file (type bmp)

<images/statemachines/video_asset_statemachine.png>

Overfull \hbox (60.85422pt too wide) in paragraph at lines 28--29
[][]\TU/Helvetica(0)/b/n/12 AWAITING_UPLOAD. \TU/Helvetica(0)/m/n/12 A lesson i
s created, and an instructor calls \TU/lmtt/m/n/12 POST /api/media/uploads[]
 []


Package fancyhdr Warning: \headheight is too small (12.0pt): 
(fancyhdr)                Make it at least 14.49998pt, for example:
(fancyhdr)                \setlength{\headheight}{14.49998pt}.
(fancyhdr)                You might also make \topmargin smaller:
(fancyhdr)                \addtolength{\topmargin}{-2.49998pt}.

[75]) (./Chapter4/ai_pipeline_module.tex

Package fancyhdr Warning: \headheight is too small (12.0pt): 
(fancyhdr)                Make it at least 14.49998pt, for example:
(fancyhdr)                \setlength{\headheight}{14.49998pt}.
(fancyhdr)                You might also make \topmargin smaller:
(fancyhdr)                \addtolength{\topmargin}{-2.49998pt}.

[76]

Package fancyhdr Warning: \headheight is too small (12.0pt): 
(fancyhdr)                Make it at least 14.49998pt, for example:
(fancyhdr)                \setlength{\headheight}{14.49998pt}.
(fancyhdr)                You might also make \topmargin smaller:
(fancyhdr)                \addtolength{\topmargin}{-2.49998pt}.

[77]

Package fancyhdr Warning: \headheight is too small (12.0pt): 
(fancyhdr)                Make it at least 14.49998pt, for example:
(fancyhdr)                \setlength{\headheight}{14.49998pt}.
(fancyhdr)                You might also make \topmargin smaller:
(fancyhdr)                \addtolength{\topmargin}{-2.49998pt}.

[78]
File: images/statemachines/ai_job_statemachine.png Graphic file (type bmp)
<images/statemachines/ai_job_statemachine.png>
) (./Chapter4/assessment_module.tex

Package fancyhdr Warning: \headheight is too small (12.0pt): 
(fancyhdr)                Make it at least 14.49998pt, for example:
(fancyhdr)                \setlength{\headheight}{14.49998pt}.
(fancyhdr)                You might also make \topmargin smaller:
(fancyhdr)                \addtolength{\topmargin}{-2.49998pt}.

[79]

Package fancyhdr Warning: \headheight is too small (12.0pt): 
(fancyhdr)                Make it at least 14.49998pt, for example:
(fancyhdr)                \setlength{\headheight}{14.49998pt}.
(fancyhdr)                You might also make \topmargin smaller:
(fancyhdr)                \addtolength{\topmargin}{-2.49998pt}.

[80]

Package fancyhdr Warning: \headheight is too small (12.0pt): 
(fancyhdr)                Make it at least 14.49998pt, for example:
(fancyhdr)                \setlength{\headheight}{14.49998pt}.
(fancyhdr)                You might also make \topmargin smaller:
(fancyhdr)                \addtolength{\topmargin}{-2.49998pt}.

[81]
File: images/statemachines/quiz_attempt_statemachine.png Graphic file (type bmp
)
<images/statemachines/quiz_attempt_statemachine.png>
) (./Chapter4/payment_module.tex

Package fancyhdr Warning: \headheight is too small (12.0pt): 
(fancyhdr)                Make it at least 14.49998pt, for example:
(fancyhdr)                \setlength{\headheight}{14.49998pt}.
(fancyhdr)                You might also make \topmargin smaller:
(fancyhdr)                \addtolength{\topmargin}{-2.49998pt}.

[82]

Package fancyhdr Warning: \headheight is too small (12.0pt): 
(fancyhdr)                Make it at least 14.49998pt, for example:
(fancyhdr)                \setlength{\headheight}{14.49998pt}.
(fancyhdr)                You might also make \topmargin smaller:
(fancyhdr)                \addtolength{\topmargin}{-2.49998pt}.

[83]
File: images/statemachines/payment_intent_statemachine.png Graphic file (type b
mp)
<images/statemachines/payment_intent_statemachine.png>


Package fancyhdr Warning: \headheight is too small (12.0pt): 
(fancyhdr)                Make it at least 14.49998pt, for example:
(fancyhdr)                \setlength{\headheight}{14.49998pt}.
(fancyhdr)                You might also make \topmargin smaller:
(fancyhdr)                \addtolength{\topmargin}{-2.49998pt}.

[84]) (./Chapter4/enrollment_module.tex
Overfull \hbox (32.98135pt too wide) in paragraph at lines 24--25
[]\TU/Helvetica(0)/m/n/12 Enrollment creation is protected against concurrent r
equests. The \TU/lmtt/m/n/12 CreateEnrollmentUseCase[]
 []


Package fancyhdr Warning: \headheight is too small (12.0pt): 
(fancyhdr)                Make it at least 14.49998pt, for example:
(fancyhdr)                \setlength{\headheight}{14.49998pt}.
(fancyhdr)                You might also make \topmargin smaller:
(fancyhdr)                \addtolength{\topmargin}{-2.49998pt}.

[85]

Package fancyhdr Warning: \headheight is too small (12.0pt): 
(fancyhdr)                Make it at least 14.49998pt, for example:
(fancyhdr)                \setlength{\headheight}{14.49998pt}.
(fancyhdr)                You might also make \topmargin smaller:
(fancyhdr)                \addtolength{\topmargin}{-2.49998pt}.

[86]
File: images/statemachines/enrollment_statemachine.png Graphic file (type bmp)
<images/statemachines/enrollment_statemachine.png>
) (./Chapter4/discussion_module.tex

Package fancyhdr Warning: \headheight is too small (12.0pt): 
(fancyhdr)                Make it at least 14.49998pt, for example:
(fancyhdr)                \setlength{\headheight}{14.49998pt}.
(fancyhdr)                You might also make \topmargin smaller:
(fancyhdr)                \addtolength{\topmargin}{-2.49998pt}.

[87]

Package fancyhdr Warning: \headheight is too small (12.0pt): 
(fancyhdr)                Make it at least 14.49998pt, for example:
(fancyhdr)                \setlength{\headheight}{14.49998pt}.
(fancyhdr)                You might also make \topmargin smaller:
(fancyhdr)                \addtolength{\topmargin}{-2.49998pt}.

[88]
File: images/statemachines/discussion_statemachine.png Graphic file (type bmp)
<images/statemachines/discussion_statemachine.png>
) (./Chapter4/security.tex

Package fancyhdr Warning: \headheight is too small (12.0pt): 
(fancyhdr)                Make it at least 14.49998pt, for example:
(fancyhdr)                \setlength{\headheight}{14.49998pt}.
(fancyhdr)                You might also make \topmargin smaller:
(fancyhdr)                \addtolength{\topmargin}{-2.49998pt}.

[89]

Package fancyhdr Warning: \headheight is too small (12.0pt): 
(fancyhdr)                Make it at least 14.49998pt, for example:
(fancyhdr)                \setlength{\headheight}{14.49998pt}.
(fancyhdr)                You might also make \topmargin smaller:
(fancyhdr)                \addtolength{\topmargin}{-2.49998pt}.

[90]))

Package fancyhdr Warning: \headheight is too small (12.0pt): 
(fancyhdr)                Make it at least 14.49998pt, for example:
(fancyhdr)                \setlength{\headheight}{14.49998pt}.
(fancyhdr)                You might also make \topmargin smaller:
(fancyhdr)                \addtolength{\topmargin}{-2.49998pt}.

[91]
\openout2 = `Chapter5/Chapter5.aux'.

 (./Chapter5/Chapter5.tex
Chapter 5.
(./Chapter5/testing_setup.tex [92





]
Overfull \hbox (57.46953pt too wide) in paragraph at lines 51--52
[]\TU/Helvetica(0)/m/n/12 For integration tests that require a real database, t
he test suite uses \TU/lmtt/m/n/12 @testcontainers/postgresql[]
 []


Package fancyhdr Warning: \headheight is too small (12.0pt): 
(fancyhdr)                Make it at least 14.49998pt, for example:
(fancyhdr)                \setlength{\headheight}{14.49998pt}.
(fancyhdr)                You might also make \topmargin smaller:
(fancyhdr)                \addtolength{\topmargin}{-2.49998pt}.

[93]
Overfull \hbox (24.15204pt too wide) in paragraph at lines 77--78
[]\TU/Helvetica(0)/m/n/12 plication is bootstrapped as an \TU/lmtt/m/n/12 INest
Application \TU/Helvetica(0)/m/n/12 instance via \TU/lmtt/m/n/12 Test.createTes
tingModule\TU/Helvetica(0)/m/n/12 ,[]
 []


Package fancyhdr Warning: \headheight is too small (12.0pt): 
(fancyhdr)                Make it at least 14.49998pt, for example:
(fancyhdr)                \setlength{\headheight}{14.49998pt}.
(fancyhdr)                You might also make \topmargin smaller:
(fancyhdr)                \addtolength{\topmargin}{-2.49998pt}.

[94]) (./Chapter5/testing_strategy.tex
File: images/testing_pyramid.png Graphic file (type bmp)
<images/testing_pyramid.png>


Package fancyhdr Warning: \headheight is too small (12.0pt): 
(fancyhdr)                Make it at least 14.49998pt, for example:
(fancyhdr)                \setlength{\headheight}{14.49998pt}.
(fancyhdr)                You might also make \topmargin smaller:
(fancyhdr)                \addtolength{\topmargin}{-2.49998pt}.

[95]) (./Chapter5/unit_testing.tex

Package fancyhdr Warning: \headheight is too small (12.0pt): 
(fancyhdr)                Make it at least 14.49998pt, for example:
(fancyhdr)                \setlength{\headheight}{14.49998pt}.
(fancyhdr)                You might also make \topmargin smaller:
(fancyhdr)                \addtolength{\topmargin}{-2.49998pt}.

[96]

Package fancyhdr Warning: \headheight is too small (12.0pt): 
(fancyhdr)                Make it at least 14.49998pt, for example:
(fancyhdr)                \setlength{\headheight}{14.49998pt}.
(fancyhdr)                You might also make \topmargin smaller:
(fancyhdr)                \addtolength{\topmargin}{-2.49998pt}.

[97]

Package fancyhdr Warning: \headheight is too small (12.0pt): 
(fancyhdr)                Make it at least 14.49998pt, for example:
(fancyhdr)                \setlength{\headheight}{14.49998pt}.
(fancyhdr)                You might also make \topmargin smaller:
(fancyhdr)                \addtolength{\topmargin}{-2.49998pt}.

[98]
Underfull \hbox (badness 10000) in paragraph at lines 62--63
[][]\TU/lmtt/m/n/12 gradeQuizAttempt(answers: Answer[], answerKey: AnswerKey[])
: Score\TU/Helvetica(0)/m/n/12 :[]
 []


Underfull \hbox (badness 10000) in paragraph at lines 63--64
[][]\TU/lmtt/m/n/12 calculateGradeFromStoredAnswers(rawScore: number, totalQues
tions:[]
 []


Underfull \hbox (badness 10000) in paragraph at lines 64--65
[][]\TU/lmtt/m/n/12 computeNextStreak(currentStreak: Streak, lessonCompletedAt:
 Date):[]
 []


Overfull \hbox (87.12605pt too wide) in paragraph at lines 65--66
[][]\TU/lmtt/m/n/12 checkReviewEligibility(enrollment: Enrollment, course: Cour
se): EligibilityResult\TU/Helvetica(0)/m/n/12 :[]
 []

) (./Chapter5/integration_testing.tex

Package fancyhdr Warning: \headheight is too small (12.0pt): 
(fancyhdr)                Make it at least 14.49998pt, for example:
(fancyhdr)                \setlength{\headheight}{14.49998pt}.
(fancyhdr)                You might also make \topmargin smaller:
(fancyhdr)                \addtolength{\topmargin}{-2.49998pt}.

[99]
Overfull \hbox (163.8562pt too wide) in paragraph at lines 20--36
 [][][][] 
 []


Package fancyhdr Warning: \headheight is too small (12.0pt): 
(fancyhdr)                Make it at least 14.49998pt, for example:
(fancyhdr)                \setlength{\headheight}{14.49998pt}.
(fancyhdr)                You might also make \topmargin smaller:
(fancyhdr)                \addtolength{\topmargin}{-2.49998pt}.

[100]

Package fancyhdr Warning: \headheight is too small (12.0pt): 
(fancyhdr)                Make it at least 14.49998pt, for example:
(fancyhdr)                \setlength{\headheight}{14.49998pt}.
(fancyhdr)                You might also make \topmargin smaller:
(fancyhdr)                \addtolength{\topmargin}{-2.49998pt}.

[101]
Overfull \hbox (20.41814pt too wide) in paragraph at lines 71--72
[][]\TU/Helvetica(0)/m/n/12 Each event is dispatched to the registered handler 
(e.g., \TU/lmtt/m/n/12 EnrollmentCreatedHandler\TU/Helvetica(0)/m/n/12 )[]
 []

) (./Chapter5/e2e_testing.tex
Overfull \hbox (53.50069pt too wide) in paragraph at lines 18--35
 [][][][] 
 []


Package fancyhdr Warning: \headheight is too small (12.0pt): 
(fancyhdr)                Make it at least 14.49998pt, for example:
(fancyhdr)                \setlength{\headheight}{14.49998pt}.
(fancyhdr)                You might also make \topmargin smaller:
(fancyhdr)                \addtolength{\topmargin}{-2.49998pt}.

[102]

Package fancyhdr Warning: \headheight is too small (12.0pt): 
(fancyhdr)                Make it at least 14.49998pt, for example:
(fancyhdr)                \setlength{\headheight}{14.49998pt}.
(fancyhdr)                You might also make \topmargin smaller:
(fancyhdr)                \addtolength{\topmargin}{-2.49998pt}.

[103]
File: images/e2e_enrollment_flow.png Graphic file (type bmp)
<images/e2e_enrollment_flow.png>


Package fancyhdr Warning: \headheight is too small (12.0pt): 
(fancyhdr)                Make it at least 14.49998pt, for example:
(fancyhdr)                \setlength{\headheight}{14.49998pt}.
(fancyhdr)                You might also make \topmargin smaller:
(fancyhdr)                \addtolength{\topmargin}{-2.49998pt}.

[104]) (./Chapter5/test_schedule.tex

Package fancyhdr Warning: \headheight is too small (12.0pt): 
(fancyhdr)                Make it at least 14.49998pt, for example:
(fancyhdr)                \setlength{\headheight}{14.49998pt}.
(fancyhdr)                You might also make \topmargin smaller:
(fancyhdr)                \addtolength{\topmargin}{-2.49998pt}.

[105]
File: images/test_schedule_gantt.png Graphic file (type bmp)
<images/test_schedule_gantt.png>
) (./Chapter5/comparative_results.tex

Package fancyhdr Warning: \headheight is too small (12.0pt): 
(fancyhdr)                Make it at least 14.49998pt, for example:
(fancyhdr)                \setlength{\headheight}{14.49998pt}.
(fancyhdr)                You might also make \topmargin smaller:
(fancyhdr)                \addtolength{\topmargin}{-2.49998pt}.

[106]
Overfull \hbox (188.22688pt too wide) in paragraph at lines 16--45
 [][][][] 
 []


Package fancyhdr Warning: \headheight is too small (12.0pt): 
(fancyhdr)                Make it at least 14.49998pt, for example:
(fancyhdr)                \setlength{\headheight}{14.49998pt}.
(fancyhdr)                You might also make \topmargin smaller:
(fancyhdr)                \addtolength{\topmargin}{-2.49998pt}.

[107]

Package fancyhdr Warning: \headheight is too small (12.0pt): 
(fancyhdr)                Make it at least 14.49998pt, for example:
(fancyhdr)                \setlength{\headheight}{14.49998pt}.
(fancyhdr)                You might also make \topmargin smaller:
(fancyhdr)                \addtolength{\topmargin}{-2.49998pt}.

[108]))

Package fancyhdr Warning: \headheight is too small (12.0pt): 
(fancyhdr)                Make it at least 14.49998pt, for example:
(fancyhdr)                \setlength{\headheight}{14.49998pt}.
(fancyhdr)                You might also make \topmargin smaller:
(fancyhdr)                \addtolength{\topmargin}{-2.49998pt}.

[109]
\openout2 = `Chapter6/Chapter6.aux'.

 (./Chapter6/Chapter6.tex
Chapter 6.
(./Chapter6/challenges.tex [110





]

Package fancyhdr Warning: \headheight is too small (12.0pt): 
(fancyhdr)                Make it at least 14.49998pt, for example:
(fancyhdr)                \setlength{\headheight}{14.49998pt}.
(fancyhdr)                You might also make \topmargin smaller:
(fancyhdr)                \addtolength{\topmargin}{-2.49998pt}.

[111]

Package fancyhdr Warning: \headheight is too small (12.0pt): 
(fancyhdr)                Make it at least 14.49998pt, for example:
(fancyhdr)                \setlength{\headheight}{14.49998pt}.
(fancyhdr)                You might also make \topmargin smaller:
(fancyhdr)                \addtolength{\topmargin}{-2.49998pt}.

[112]

Package fancyhdr Warning: \headheight is too small (12.0pt): 
(fancyhdr)                Make it at least 14.49998pt, for example:
(fancyhdr)                \setlength{\headheight}{14.49998pt}.
(fancyhdr)                You might also make \topmargin smaller:
(fancyhdr)                \addtolength{\topmargin}{-2.49998pt}.

[113]
Overfull \hbox (58.20464pt too wide) in paragraph at lines 134--135
[][]\TU/Helvetica(0)/b/n/12 Solution. \TU/Helvetica(0)/m/n/12 The webhook handl
er wraps enrollment creation in the \TU/lmtt/m/n/12 tryBeginProjectionEvent()[]

 []

File: images/video_rendition_statemachine.png Graphic file (type bmp)
<images/video_rendition_statemachine.png>

Package fancyhdr Warning: \headheight is too small (12.0pt): 
(fancyhdr)                Make it at least 14.49998pt, for example:
(fancyhdr)                \setlength{\headheight}{14.49998pt}.
(fancyhdr)                You might also make \topmargin smaller:
(fancyhdr)                \addtolength{\topmargin}{-2.49998pt}.

[114]
Overfull \hbox (13.5708pt too wide) in paragraph at lines 152--153
[][]\TU/Helvetica(0)/b/n/12 Solution. \TU/Helvetica(0)/m/n/12 The Throttler mod
ule was configured with \TU/lmtt/m/n/12 ThrottlerStorageRedisService\TU/Helveti
ca(0)/m/n/12 ,[]
 []


Overfull \hbox (11.58504pt too wide) in paragraph at lines 156--157
[]\TU/Helvetica(0)/m/n/12 grading is asynchronous: the answer is submitted, an 
\TU/lmtt/m/n/12 ShortAnswerGradeRequestedEvent[]
 []

) (./Chapter6/experience.tex
File: images/skills_radar.png Graphic file (type bmp)
<images/skills_radar.png>


Package fancyhdr Warning: \headheight is too small (12.0pt): 
(fancyhdr)                Make it at least 14.49998pt, for example:
(fancyhdr)                \setlength{\headheight}{14.49998pt}.
(fancyhdr)                You might also make \topmargin smaller:
(fancyhdr)                \addtolength{\topmargin}{-2.49998pt}.

[115]

Package fancyhdr Warning: \headheight is too small (12.0pt): 
(fancyhdr)                Make it at least 14.49998pt, for example:
(fancyhdr)                \setlength{\headheight}{14.49998pt}.
(fancyhdr)                You might also make \topmargin smaller:
(fancyhdr)                \addtolength{\topmargin}{-2.49998pt}.

[116]

Package fancyhdr Warning: \headheight is too small (12.0pt): 
(fancyhdr)                Make it at least 14.49998pt, for example:
(fancyhdr)                \setlength{\headheight}{14.49998pt}.
(fancyhdr)                You might also make \topmargin smaller:
(fancyhdr)                \addtolength{\topmargin}{-2.49998pt}.

[117]) (./Chapter6/conclusions.tex

Package fancyhdr Warning: \headheight is too small (12.0pt): 
(fancyhdr)                Make it at least 14.49998pt, for example:
(fancyhdr)                \setlength{\headheight}{14.49998pt}.
(fancyhdr)                You might also make \topmargin smaller:
(fancyhdr)                \addtolength{\topmargin}{-2.49998pt}.

[118]
Underfull \hbox (badness 10000) in paragraph at lines 23--24
[][]|\TU/Helvetica(0)/m/n/10.95 100+ endpoints documented via Swag-[]
 []


Package fancyhdr Warning: \headheight is too small (12.0pt): 
(fancyhdr)                Make it at least 14.49998pt, for example:
(fancyhdr)                \setlength{\headheight}{14.49998pt}.
(fancyhdr)                You might also make \topmargin smaller:
(fancyhdr)                \addtolength{\topmargin}{-2.49998pt}.

[119]
Underfull \hbox (badness 6204) in paragraph at lines 65--66
[][]|\TU/Helvetica(0)/m/n/10.95 15 bounded contexts with[]
 []


Underfull \hbox (badness 10000) in paragraph at lines 66--67
[][]|\TU/Helvetica(0)/m/n/10.95 Transactional outbox with[]
 []


Overfull \hbox (76.46739pt too wide) in paragraph at lines 61--74
 [][][][] 
 []


Package fancyhdr Warning: \headheight is too small (12.0pt): 
(fancyhdr)                Make it at least 14.49998pt, for example:
(fancyhdr)                \setlength{\headheight}{14.49998pt}.
(fancyhdr)                You might also make \topmargin smaller:
(fancyhdr)                \addtolength{\topmargin}{-2.49998pt}.

[120]) (./Chapter6/future_work.tex

Package fancyhdr Warning: \headheight is too small (12.0pt): 
(fancyhdr)                Make it at least 14.49998pt, for example:
(fancyhdr)                \setlength{\headheight}{14.49998pt}.
(fancyhdr)                You might also make \topmargin smaller:
(fancyhdr)                \addtolength{\topmargin}{-2.49998pt}.

[121]

Package fancyhdr Warning: \headheight is too small (12.0pt): 
(fancyhdr)                Make it at least 14.49998pt, for example:
(fancyhdr)                \setlength{\headheight}{14.49998pt}.
(fancyhdr)                You might also make \topmargin smaller:
(fancyhdr)                \addtolength{\topmargin}{-2.49998pt}.

[122]

Package fancyhdr Warning: \headheight is too small (12.0pt): 
(fancyhdr)                Make it at least 14.49998pt, for example:
(fancyhdr)                \setlength{\headheight}{14.49998pt}.
(fancyhdr)                You might also make \topmargin smaller:
(fancyhdr)                \addtolength{\topmargin}{-2.49998pt}.

[123]

Package fancyhdr Warning: \headheight is too small (12.0pt): 
(fancyhdr)                Make it at least 14.49998pt, for example:
(fancyhdr)                \setlength{\headheight}{14.49998pt}.
(fancyhdr)                You might also make \topmargin smaller:
(fancyhdr)                \addtolength{\topmargin}{-2.49998pt}.

[124]
File: images/future_work_roadmap.png Graphic file (type bmp)
<images/future_work_roadmap.png>
))

Package fancyhdr Warning: \headheight is too small (12.0pt): 
(fancyhdr)                Make it at least 14.49998pt, for example:
(fancyhdr)                \setlength{\headheight}{14.49998pt}.
(fancyhdr)                You might also make \topmargin smaller:
(fancyhdr)                \addtolength{\topmargin}{-2.49998pt}.

[125]

Package biblatex Warning: Using fallback definition for \mkbibdatelong.
(biblatex)                The command should be defined in the .lbx file.
(biblatex)                If you see this message, the .lbx file could not be
(biblatex)                loaded, is faulty or does not contain a definition
(biblatex)                for \mkbibdatelong.


Package biblatex Warning: Using fallback definition for \mkbibdatelong.
(biblatex)                The command should be defined in the .lbx file.
(biblatex)                If you see this message, the .lbx file could not be
(biblatex)                loaded, is faulty or does not contain a definition
(biblatex)                for \mkbibdatelong.


Package biblatex Warning: Bibliography string 'and' untranslated
(biblatex)                at entry 'dossena2022ddd' on input line 63.


Package biblatex Warning: Bibliography string 'in' untranslated
(biblatex)                at entry 'dossena2022ddd' on input line 63.


Package biblatex Warning: Using fallback definition for \mkbibdatelong.
(biblatex)                The command should be defined in the .lbx file.
(biblatex)                If you see this message, the .lbx file could not be
(biblatex)                loaded, is faulty or does not contain a definition
(biblatex)                for \mkbibdatelong.


Package biblatex Warning: Bibliography string 'pages' untranslated
(biblatex)                at entry 'dossena2022ddd' on input line 63.


Package biblatex Warning: Bibliography string 'and' untranslated
(biblatex)                at entry 'yang2023micro' on input line 63.


Package biblatex Warning: Bibliography string 'in' untranslated
(biblatex)                at entry 'yang2023micro' on input line 63.


Package biblatex Warning: Using fallback definition for \mkbibdatelong.
(biblatex)                The command should be defined in the .lbx file.
(biblatex)                If you see this message, the .lbx file could not be
(biblatex)                loaded, is faulty or does not contain a definition
(biblatex)                for \mkbibdatelong.


Package biblatex Warning: Bibliography string 'pages' untranslated
(biblatex)                at entry 'yang2023micro' on input line 63.


Package biblatex Warning: Using fallback definition for \mkbibdatelong.
(biblatex)                The command should be defined in the .lbx file.
(biblatex)                If you see this message, the .lbx file could not be
(biblatex)                loaded, is faulty or does not contain a definition
(biblatex)                for \mkbibdatelong.


Package biblatex Warning: Bibliography string 'urlseen' untranslated
(biblatex)                at entry 'fowler2005eda' on input line 63.


Package biblatex Warning: Using fallback definition for \mkbibdateshort.
(biblatex)                The command should be defined in the .lbx file.
(biblatex)                If you see this message, the .lbx file could not be
(biblatex)                loaded, is faulty or does not contain a definition
(biblatex)                for \mkbibdateshort.


Package biblatex Warning: Using fallback definition for \mkbibdatelong.
(biblatex)                The command should be defined in the .lbx file.
(biblatex)                If you see this message, the .lbx file could not be
(biblatex)                loaded, is faulty or does not contain a definition
(biblatex)                for \mkbibdatelong.


Package biblatex Warning: Bibliography string 'urlseen' untranslated
(biblatex)                at entry 'richardson2018outbox' on input line 63.


Package biblatex Warning: Using fallback definition for \mkbibdateshort.
(biblatex)                The command should be defined in the .lbx file.
(biblatex)                If you see this message, the .lbx file could not be
(biblatex)                loaded, is faulty or does not contain a definition
(biblatex)                for \mkbibdateshort.


Package biblatex Warning: Using fallback definition for \mkbibdatelong.
(biblatex)                The command should be defined in the .lbx file.
(biblatex)                If you see this message, the .lbx file could not be
(biblatex)                loaded, is faulty or does not contain a definition
(biblatex)                for \mkbibdatelong.


Package biblatex Warning: Bibliography string 'urlseen' untranslated
(biblatex)                at entry 'stripe2024api' on input line 63.


Package biblatex Warning: Using fallback definition for \mkbibdateshort.
(biblatex)                The command should be defined in the .lbx file.
(biblatex)                If you see this message, the .lbx file could not be
(biblatex)                loaded, is faulty or does not contain a definition
(biblatex)                for \mkbibdateshort.


Package biblatex Warning: Using fallback definition for \mkbibdatelong.
(biblatex)                The command should be defined in the .lbx file.
(biblatex)                If you see this message, the .lbx file could not be
(biblatex)                loaded, is faulty or does not contain a definition
(biblatex)                for \mkbibdatelong.


Package biblatex Warning: Bibliography string 'urlseen' untranslated
(biblatex)                at entry 'fowler2011cqrs' on input line 63.


Package biblatex Warning: Using fallback definition for \mkbibdateshort.
(biblatex)                The command should be defined in the .lbx file.
(biblatex)                If you see this message, the .lbx file could not be
(biblatex)                loaded, is faulty or does not contain a definition
(biblatex)                for \mkbibdateshort.


Package biblatex Warning: Bibliography string 'and' untranslated
(biblatex)                at entry 'mehta2023eda' on input line 63.


Package biblatex Warning: Bibliography string 'in' untranslated
(biblatex)                at entry 'mehta2023eda' on input line 63.


Package biblatex Warning: Using fallback definition for \mkbibdatelong.
(biblatex)                The command should be defined in the .lbx file.
(biblatex)                If you see this message, the .lbx file could not be
(biblatex)                loaded, is faulty or does not contain a definition
(biblatex)                for \mkbibdatelong.


Package biblatex Warning: Bibliography string 'pages' untranslated
(biblatex)                at entry 'mehta2023eda' on input line 63.


Package biblatex Warning: Bibliography string 'and' untranslated
(biblatex)                at entry 'radford2023whisper' on input line 63.


Package biblatex Warning: Bibliography string 'in' untranslated
(biblatex)                at entry 'radford2023whisper' on input line 63.


Package biblatex Warning: Using fallback definition for \mkbibdatelong.
(biblatex)                The command should be defined in the .lbx file.
(biblatex)                If you see this message, the .lbx file could not be
(biblatex)                loaded, is faulty or does not contain a definition
(biblatex)                for \mkbibdatelong.


Package biblatex Warning: Bibliography string 'pages' untranslated
(biblatex)                at entry 'radford2023whisper' on input line 63.


Package biblatex Warning: Bibliography string 'and' untranslated
(biblatex)                at entry 'panthel2024whisper' on input line 63.


Package biblatex Warning: Bibliography string 'in' untranslated
(biblatex)                at entry 'panthel2024whisper' on input line 63.


Package biblatex Warning: Bibliography string 'volume' untranslated
(biblatex)                at entry 'panthel2024whisper' on input line 63.


Package biblatex Warning: Using fallback definition for \mkbibdatelong.
(biblatex)                The command should be defined in the .lbx file.
(biblatex)                If you see this message, the .lbx file could not be
(biblatex)                loaded, is faulty or does not contain a definition
(biblatex)                for \mkbibdatelong.


Package biblatex Warning: Bibliography string 'pages' untranslated
(biblatex)                at entry 'panthel2024whisper' on input line 63.


Package biblatex Warning: Bibliography string 'and' untranslated
(biblatex)                at entry 'kumar2023llmquiz' on input line 63.


Package biblatex Warning: Bibliography string 'in' untranslated
(biblatex)                at entry 'kumar2023llmquiz' on input line 63.


Package biblatex Warning: Using fallback definition for \mkbibdatelong.
(biblatex)                The command should be defined in the .lbx file.
(biblatex)                If you see this message, the .lbx file could not be
(biblatex)                loaded, is faulty or does not contain a definition
(biblatex)                for \mkbibdatelong.


Package biblatex Warning: Bibliography string 'pages' untranslated
(biblatex)                at entry 'kumar2023llmquiz' on input line 63.

[126




]

Package biblatex Warning: Bibliography string 'and' untranslated
(biblatex)                at entry 'pantos2022hls' on input line 63.


Package biblatex Warning: Using fallback definition for \mkbibdatelong.
(biblatex)                The command should be defined in the .lbx file.
(biblatex)                If you see this message, the .lbx file could not be
(biblatex)                loaded, is faulty or does not contain a definition
(biblatex)                for \mkbibdatelong.


Package biblatex Warning: Bibliography string 'september' untranslated
(biblatex)                at entry 'pantos2022hls' on input line 63.


Package biblatex Warning: Using fallback definition for \mkbibdatelong.
(biblatex)                The command should be defined in the .lbx file.
(biblatex)                If you see this message, the .lbx file could not be
(biblatex)                loaded, is faulty or does not contain a definition
(biblatex)                for \mkbibdatelong.


Package biblatex Warning: Bibliography string 'urlseen' untranslated
(biblatex)                at entry 'mux2024' on input line 63.


Package biblatex Warning: Using fallback definition for \mkbibdateshort.
(biblatex)                The command should be defined in the .lbx file.
(biblatex)                If you see this message, the .lbx file could not be
(biblatex)                loaded, is faulty or does not contain a definition
(biblatex)                for \mkbibdateshort.


Package biblatex Warning: Bibliography string 'and' untranslated
(biblatex)                at entry 'jones2015jwt' on input line 63.


Package biblatex Warning: Using fallback definition for \mkbibdatelong.
(biblatex)                The command should be defined in the .lbx file.
(biblatex)                If you see this message, the .lbx file could not be
(biblatex)                loaded, is faulty or does not contain a definition
(biblatex)                for \mkbibdatelong.


Package biblatex Warning: Bibliography string 'may' untranslated
(biblatex)                at entry 'jones2015jwt' on input line 63.


Package biblatex Warning: Using fallback definition for \mkbibdatelong.
(biblatex)                The command should be defined in the .lbx file.
(biblatex)                If you see this message, the .lbx file could not be
(biblatex)                loaded, is faulty or does not contain a definition
(biblatex)                for \mkbibdatelong.


Package biblatex Warning: Bibliography string 'urlseen' untranslated
(biblatex)                at entry 'nestjs2024' on input line 63.


Package biblatex Warning: Using fallback definition for \mkbibdateshort.
(biblatex)                The command should be defined in the .lbx file.
(biblatex)                If you see this message, the .lbx file could not be
(biblatex)                loaded, is faulty or does not contain a definition
(biblatex)                for \mkbibdateshort.


Package biblatex Warning: Bibliography string 'and' untranslated
(biblatex)                at entry 'garcia2022typescript' on input line 63.


Package biblatex Warning: Bibliography string 'in' untranslated
(biblatex)                at entry 'garcia2022typescript' on input line 63.


Package biblatex Warning: Using fallback definition for \mkbibdatelong.
(biblatex)                The command should be defined in the .lbx file.
(biblatex)                If you see this message, the .lbx file could not be
(biblatex)                loaded, is faulty or does not contain a definition
(biblatex)                for \mkbibdatelong.


Package biblatex Warning: Bibliography string 'pages' untranslated
(biblatex)                at entry 'garcia2022typescript' on input line 63.


Package biblatex Warning: Bibliography string 'and' untranslated
(biblatex)                at entry 'zhang2024nestjs' on input line 63.


Package biblatex Warning: Bibliography string 'in' untranslated
(biblatex)                at entry 'zhang2024nestjs' on input line 63.


Package biblatex Warning: Using fallback definition for \mkbibdatelong.
(biblatex)                The command should be defined in the .lbx file.
(biblatex)                If you see this message, the .lbx file could not be
(biblatex)                loaded, is faulty or does not contain a definition
(biblatex)                for \mkbibdatelong.


Package biblatex Warning: Bibliography string 'page' untranslated
(biblatex)                at entry 'zhang2024nestjs' on input line 63.


Package biblatex Warning: Using fallback definition for \mkbibdatelong.
(biblatex)                The command should be defined in the .lbx file.
(biblatex)                If you see this message, the .lbx file could not be
(biblatex)                loaded, is faulty or does not contain a definition
(biblatex)                for \mkbibdatelong.


Package biblatex Warning: Bibliography string 'urlseen' untranslated
(biblatex)                at entry 'prisma2024' on input line 63.


Package biblatex Warning: Using fallback definition for \mkbibdateshort.
(biblatex)                The command should be defined in the .lbx file.
(biblatex)                If you see this message, the .lbx file could not be
(biblatex)                loaded, is faulty or does not contain a definition
(biblatex)                for \mkbibdateshort.


Package biblatex Warning: Using fallback definition for \mkbibdatelong.
(biblatex)                The command should be defined in the .lbx file.
(biblatex)                If you see this message, the .lbx file could not be
(biblatex)                loaded, is faulty or does not contain a definition
(biblatex)                for \mkbibdatelong.


Package biblatex Warning: Bibliography string 'urlseen' untranslated
(biblatex)                at entry 'fowler2012testpyramid' on input line 63.


Package biblatex Warning: Using fallback definition for \mkbibdateshort.
(biblatex)                The command should be defined in the .lbx file.
(biblatex)                If you see this message, the .lbx file could not be
(biblatex)                loaded, is faulty or does not contain a definition
(biblatex)                for \mkbibdateshort.


Package biblatex Warning: Using fallback definition for \mkbibdatelong.
(biblatex)                The command should be defined in the .lbx file.
(biblatex)                If you see this message, the .lbx file could not be
(biblatex)                loaded, is faulty or does not contain a definition
(biblatex)                for \mkbibdatelong.


Package biblatex Warning: Bibliography string 'urlseen' untranslated
(biblatex)                at entry 'testcontainers2024' on input line 63.


Package biblatex Warning: Using fallback definition for \mkbibdateshort.
(biblatex)                The command should be defined in the .lbx file.
(biblatex)                If you see this message, the .lbx file could not be
(biblatex)                loaded, is faulty or does not contain a definition
(biblatex)                for \mkbibdateshort.


Package biblatex Warning: Using fallback definition for \mkbibdatelong.
(biblatex)                The command should be defined in the .lbx file.
(biblatex)                If you see this message, the .lbx file could not be
(biblatex)                loaded, is faulty or does not contain a definition
(biblatex)                for \mkbibdatelong.


Package biblatex Warning: Using fallback definition for \mkbibdatelong.
(biblatex)                The command should be defined in the .lbx file.
(biblatex)                If you see this message, the .lbx file could not be
(biblatex)                loaded, is faulty or does not contain a definition
(biblatex)                for \mkbibdatelong.


Package fancyhdr Warning: \headheight is too small (12.0pt): 
(fancyhdr)                Make it at least 14.49998pt, for example:
(fancyhdr)                \setlength{\headheight}{14.49998pt}.
(fancyhdr)                You might also make \topmargin smaller:
(fancyhdr)                \addtolength{\topmargin}{-2.49998pt}.

[127]
\openout2 = `AppendixA/AppendixA.aux'.

 (./AppendixA/AppendixA.tex
Appendix A.
[128



]
Underfull \hbox (badness 10000) in paragraph at lines 62--63
[]\TU/lmtt/m/n/12 UNIQUE INDEX idx_single_active_enrollment ON enrollments (use
r_id,[]
 []


Underfull \hbox (badness 3623) in paragraph at lines 62--63
[]\TU/lmtt/m/n/12 course_id) WHERE status = 'ACTIVE'\TU/Helvetica(0)/m/n/12 —en
force business invariants at the[]
 []


Package fancyhdr Warning: \headheight is too small (12.0pt): 
(fancyhdr)                Make it at least 14.49998pt, for example:
(fancyhdr)                \setlength{\headheight}{14.49998pt}.
(fancyhdr)                You might also make \topmargin smaller:
(fancyhdr)                \addtolength{\topmargin}{-2.49998pt}.

[129]
Overfull \hbox (29.71283pt too wide) in paragraph at lines 87--88
[][]\TU/Helvetica(0)/b/n/12 Rate limiting. \TU/Helvetica(0)/m/n/12 The \TU/lmtt
/m/n/12 @nestjs/throttler \TU/Helvetica(0)/m/n/12 package with \TU/lmtt/m/n/12 
ThrottlerStorageRedisService[]
 []


Package fancyhdr Warning: \headheight is too small (12.0pt): 
(fancyhdr)                Make it at least 14.49998pt, for example:
(fancyhdr)                \setlength{\headheight}{14.49998pt}.
(fancyhdr)                You might also make \topmargin smaller:
(fancyhdr)                \addtolength{\topmargin}{-2.49998pt}.

[130]

Package fancyhdr Warning: \headheight is too small (12.0pt): 
(fancyhdr)                Make it at least 14.49998pt, for example:
(fancyhdr)                \setlength{\headheight}{14.49998pt}.
(fancyhdr)                You might also make \topmargin smaller:
(fancyhdr)                \addtolength{\topmargin}{-2.49998pt}.

[131]
Overfull \hbox (92.2638pt too wide) in paragraph at lines 138--139
[][]\TU/Helvetica(0)/b/n/12 Webhook events. \TU/Helvetica(0)/m/n/12 Stripe deli
vers \TU/lmtt/m/n/12 payment_intent.succeeded\TU/Helvetica(0)/m/n/12 , \TU/lmtt
/m/n/12 payment_intent.payment_failed\TU/Helvetica(0)/m/n/12 ,[]
 []


Overfull \hbox (30.79553pt too wide) in paragraph at lines 151--152
[][]\TU/Helvetica(0)/b/n/12 Asset lifecycle. \TU/Helvetica(0)/m/n/12 Mux fires 
webhooks for asset state transitions: \TU/lmtt/m/n/12 video.asset.created\TU/He
lvetica(0)/m/n/12 ,[]
 []


Overfull \hbox (28.22806pt too wide) in paragraph at lines 151--152
[]\TU/lmtt/m/n/12 video.asset.ready\TU/Helvetica(0)/m/n/12 , \TU/lmtt/m/n/12 vi
deo.asset.errored\TU/Helvetica(0)/m/n/12 , and \TU/lmtt/m/n/12 video.asset.mp4_
rendition.ready\TU/Helvetica(0)/m/n/12 .[]
 []


Package fancyhdr Warning: \headheight is too small (12.0pt): 
(fancyhdr)                Make it at least 14.49998pt, for example:
(fancyhdr)                \setlength{\headheight}{14.49998pt}.
(fancyhdr)                You might also make \topmargin smaller:
(fancyhdr)                \addtolength{\topmargin}{-2.49998pt}.

[132]
Overfull \hbox (27.50276pt too wide) in paragraph at lines 187--188
[]\TU/Helvetica(0)/m/n/12 tegration tests (\TU/lmtt/m/n/12 *.int-spec.ts\TU/Hel
vetica(0)/m/n/12 ), and E2E tests (\TU/lmtt/m/n/12 *.e2e-spec.ts\TU/Helvetica(0
)/m/n/12 ). The \TU/lmtt/m/n/12 jest.config.ts[]
 []


Underfull \hbox (badness 2753) in paragraph at lines 188--189
[][]\TU/Helvetica(0)/b/n/12 Testcontainers. \TU/Helvetica(0)/m/n/12 Integration
 tests use \TU/lmtt/m/n/12 @testcontainers/postgresql \TU/Helvetica(0)/m/n/12 a
nd[]
 []


Package fancyhdr Warning: \headheight is too small (12.0pt): 
(fancyhdr)                Make it at least 14.49998pt, for example:
(fancyhdr)                \setlength{\headheight}{14.49998pt}.
(fancyhdr)                You might also make \topmargin smaller:
(fancyhdr)                \addtolength{\topmargin}{-2.49998pt}.

[133]
Underfull \hbox (badness 4872) in paragraph at lines 198--199
[]\TU/lmtt/m/n/12 description: '...' ) \TU/Helvetica(0)/m/n/12 and \TU/lmtt/m/n
/12 @ApiResponse( status: 201, description:[]
 []

)

Package fancyhdr Warning: \headheight is too small (12.0pt): 
(fancyhdr)                Make it at least 14.49998pt, for example:
(fancyhdr)                \setlength{\headheight}{14.49998pt}.
(fancyhdr)                You might also make \topmargin smaller:
(fancyhdr)                \addtolength{\topmargin}{-2.49998pt}.

[134]
\openout2 = `AppendixB/AppendixB.aux'.

 (./AppendixB/AppendixB.tex
Appendix B.

Underfull \hbox (badness 7238) in paragraph at lines 32--33
[][]\TU/Helvetica(0)/m/n/12 The system creates a \TU/lmtt/m/n/12 User \TU/Helve
tica(0)/m/n/12 aggregate in[]
 []


Underfull \hbox (badness 10000) in paragraph at lines 33--34
[][]\TU/Helvetica(0)/m/n/12 The system generates a cryptographically[]
 []


Underfull \hbox (badness 3815) in paragraph at lines 33--34
[]\TU/Helvetica(0)/m/n/12 acters), stores its SHA-256 hash in Redis[]
 []


Underfull \hbox (badness 5022) in paragraph at lines 33--34
[]\TU/Helvetica(0)/m/n/12 with a 24-hour TTL, and sends an email[]
 []


Underfull \hbox (badness 10000) in paragraph at lines 33--34
[]\TU/Helvetica(0)/m/n/12 via Resend containing a verification link:[]
 []


Overfull \hbox (63.98642pt too wide) in paragraph at lines 33--34
[]\TU/lmtt/m/n/12 https://nexalearn.app/auth/verify?token=<raw_token>\TU/Helvet
ica(0)/m/n/12 . []
 []


Underfull \hbox (badness 2119) in paragraph at lines 35--36
[][]\TU/Helvetica(0)/m/n/12 The system updates the \TU/lmtt/m/n/12 User \TU/Hel
vetica(0)/m/n/12 aggregate to[]
 []


Overfull \hbox (1.30775pt too wide) in paragraph at lines 37--37
[][]|\TU/Helvetica(0)/b/n/12 Postconditions| []
 []

[135





]

Package fancyhdr Warning: \headheight is too small (12.0pt): 
(fancyhdr)                Make it at least 14.49998pt, for example:
(fancyhdr)                \setlength{\headheight}{14.49998pt}.
(fancyhdr)                You might also make \topmargin smaller:
(fancyhdr)                \addtolength{\topmargin}{-2.49998pt}.

[136]
Underfull \hbox (badness 4899) in paragraph at lines 69--70
[]\TU/Helvetica(0)/m/n/12 from \TU/lmtt/m/n/12 DRAFT \TU/Helvetica(0)/m/n/12 to
 \TU/lmtt/m/n/12 PUBLISHED \TU/Helvetica(0)/m/n/12 and publishes a[]
 []


Overfull \hbox (1.30775pt too wide) in paragraph at lines 71--71
[][]|\TU/Helvetica(0)/b/n/12 Postconditions| []
 []


Package fancyhdr Warning: \headheight is too small (12.0pt): 
(fancyhdr)                Make it at least 14.49998pt, for example:
(fancyhdr)                \setlength{\headheight}{14.49998pt}.
(fancyhdr)                You might also make \topmargin smaller:
(fancyhdr)                \addtolength{\topmargin}{-2.49998pt}.

[137]

Package fancyhdr Warning: \headheight is too small (12.0pt): 
(fancyhdr)                Make it at least 14.49998pt, for example:
(fancyhdr)                \setlength{\headheight}{14.49998pt}.
(fancyhdr)                You might also make \topmargin smaller:
(fancyhdr)                \addtolength{\topmargin}{-2.49998pt}.

[138]
Underfull \hbox (badness 7851) in paragraph at lines 96--97
[][]\TU/Helvetica(0)/m/n/12 The student requests enrollment via \TU/lmtt/m/n/12
 POST[]
 []


Underfull \hbox (badness 10000) in paragraph at lines 97--98
[][]\TU/Helvetica(0)/m/n/12 The system checks that the student is[]
 []


Underfull \hbox (badness 6608) in paragraph at lines 97--98
[]\TU/Helvetica(0)/m/n/12 not already enrolled (unique constraint on[]
 []


Underfull \hbox (badness 10000) in paragraph at lines 98--99
[][]\TU/Helvetica(0)/m/n/12 The system creates a \TU/lmtt/m/n/12 PaymentIntent[
]
 []


Underfull \hbox (badness 10000) in paragraph at lines 98--99
[]\TU/Helvetica(0)/m/n/12 record in \TU/lmtt/m/n/12 PENDING \TU/Helvetica(0)/m/
n/12 status and re-[]
 []


Underfull \hbox (badness 10000) in paragraph at lines 98--99
[]\TU/Helvetica(0)/m/n/12 quests a payment intent from Stripe via[]
 []


Underfull \hbox (badness 10000) in paragraph at lines 98--99
[]\TU/lmtt/m/n/12 stripe.paymentIntents.create() \TU/Helvetica(0)/m/n/12 with t
he[]
 []


Underfull \hbox (badness 3803) in paragraph at lines 101--102
[][]\TU/Helvetica(0)/m/n/12 Stripe delivers a \TU/lmtt/m/n/12 payment_intent.su
cceeded[]
 []


Underfull \hbox (badness 10000) in paragraph at lines 102--103
[][]\TU/Helvetica(0)/m/n/12 The system verifies the webhook sig-[]
 []


Underfull \hbox (badness 10000) in paragraph at lines 102--103
[]\TU/Helvetica(0)/m/n/12 nature, checks idempotency via the[]
 []


Underfull \hbox (badness 10000) in paragraph at lines 102--103
[]\TU/lmtt/m/n/12 ProjectionEventLedger\TU/Helvetica(0)/m/n/12 , updates the[]
 []


Underfull \hbox (badness 10000) in paragraph at lines 102--103
[]\TU/lmtt/m/n/12 PaymentIntent \TU/Helvetica(0)/m/n/12 to \TU/lmtt/m/n/12 SUCC
EEDED\TU/Helvetica(0)/m/n/12 , creates an[]
 []


Overfull \hbox (1.30775pt too wide) in paragraph at lines 104--104
[][]|\TU/Helvetica(0)/b/n/12 Postconditions| []
 []


Underfull \hbox (badness 2326) in paragraph at lines 108--109
[]\TU/Helvetica(0)/m/n/12 to \TU/lmtt/m/n/12 FAILED \TU/Helvetica(0)/m/n/12 and
 the enrollment is created in[]
 []


Underfull \hbox (badness 5771) in paragraph at lines 109--110
[][]\TU/Helvetica(0)/b/n/12 E03: Duplicate webhook. \TU/Helvetica(0)/m/n/12 If 
the web-[]
 []


Underfull \hbox (badness 10000) in paragraph at lines 109--110
[]\TU/Helvetica(0)/m/n/12 hook is delivered multiple times, the[]
 []


Underfull \hbox (badness 10000) in paragraph at lines 109--110
[]\TU/lmtt/m/n/12 ProjectionEventLedger \TU/Helvetica(0)/m/n/12 unique constrai
nt[]
 []


Package fancyhdr Warning: \headheight is too small (12.0pt): 
(fancyhdr)                Make it at least 14.49998pt, for example:
(fancyhdr)                \setlength{\headheight}{14.49998pt}.
(fancyhdr)                You might also make \topmargin smaller:
(fancyhdr)                \addtolength{\topmargin}{-2.49998pt}.

[139]

Package fancyhdr Warning: \headheight is too small (12.0pt): 
(fancyhdr)                Make it at least 14.49998pt, for example:
(fancyhdr)                \setlength{\headheight}{14.49998pt}.
(fancyhdr)                You might also make \topmargin smaller:
(fancyhdr)                \addtolength{\topmargin}{-2.49998pt}.

[140]
Underfull \hbox (badness 2591) in paragraph at lines 126--127
[][]|\TU/Helvetica(0)/m/n/12 Authenticated instructor, Mux Video API, OpenAI[]
 []


Underfull \hbox (badness 10000) in paragraph at lines 133--134
[][]\TU/Helvetica(0)/m/n/12 Mux transcodes the video and fires[]
 []


Underfull \hbox (badness 2005) in paragraph at lines 135--136
[]\TU/Helvetica(0)/m/n/12 dio and POSTs the transcript back to \TU/lmtt/m/n/12 
POST[]
 []


Overfull \hbox (1.30775pt too wide) in paragraph at lines 139--139
[][]|\TU/Helvetica(0)/b/n/12 Postconditions| []
 []


Underfull \hbox (badness 6236) in paragraph at lines 143--144
[][]\TU/Helvetica(0)/b/n/12 E02: Transcription timeout. \TU/Helvetica(0)/m/n/12
 If the AI[]
 []


Package fancyhdr Warning: \headheight is too small (12.0pt): 
(fancyhdr)                Make it at least 14.49998pt, for example:
(fancyhdr)                \setlength{\headheight}{14.49998pt}.
(fancyhdr)                You might also make \topmargin smaller:
(fancyhdr)                \addtolength{\topmargin}{-2.49998pt}.

[141]

Package fancyhdr Warning: \headheight is too small (12.0pt): 
(fancyhdr)                Make it at least 14.49998pt, for example:
(fancyhdr)                \setlength{\headheight}{14.49998pt}.
(fancyhdr)                You might also make \topmargin smaller:
(fancyhdr)                \addtolength{\topmargin}{-2.49998pt}.

[142]
Underfull \hbox (badness 10000) in paragraph at lines 164--165
[][]\TU/Helvetica(0)/m/n/12 The student requests the quiz via \TU/lmtt/m/n/12 G
ET[]
 []


Underfull \hbox (badness 10000) in paragraph at lines 164--165
[]\TU/Helvetica(0)/m/n/12 questions (without answer keys) and the[]
 []


Underfull \hbox (badness 10000) in paragraph at lines 165--166
[][]\TU/Helvetica(0)/m/n/12 The student submits answers via \TU/lmtt/m/n/12 POS
T[]
 []


Underfull \hbox (badness 5105) in paragraph at lines 165--166
[]\TU/lmtt/m/n/12 /quizzes/:id/attempts\TU/Helvetica(0)/m/n/12 . The system cre
-[]
 []


Underfull \hbox (badness 10000) in paragraph at lines 166--167
[][]\TU/Helvetica(0)/m/n/12 For multiple-choice and true/false ques-[]
 []


Underfull \hbox (badness 10000) in paragraph at lines 166--167
[]\TU/Helvetica(0)/m/n/12 tions, the system grades automatically[]
 []


Underfull \hbox (badness 2556) in paragraph at lines 166--167
[]\TU/Helvetica(0)/m/n/12 using the stored answer keys. For short-[]
 []


Underfull \hbox (badness 5064) in paragraph at lines 166--167
[]\TU/Helvetica(0)/m/n/12 answer questions, the system publishes a[]
 []


Overfull \hbox (1.30775pt too wide) in paragraph at lines 171--171
[][]|\TU/Helvetica(0)/b/n/12 Postconditions| []
 []


Package fancyhdr Warning: \headheight is too small (12.0pt): 
(fancyhdr)                Make it at least 14.49998pt, for example:
(fancyhdr)                \setlength{\headheight}{14.49998pt}.
(fancyhdr)                You might also make \topmargin smaller:
(fancyhdr)                \addtolength{\topmargin}{-2.49998pt}.

[143]

Package fancyhdr Warning: \headheight is too small (12.0pt): 
(fancyhdr)                Make it at least 14.49998pt, for example:
(fancyhdr)                \setlength{\headheight}{14.49998pt}.
(fancyhdr)                You might also make \topmargin smaller:
(fancyhdr)                \addtolength{\topmargin}{-2.49998pt}.

[144]
Underfull \hbox (badness 10000) in paragraph at lines 197--198
[][]\TU/Helvetica(0)/m/n/12 The instructor requests the quiz via \TU/lmtt/m/n/1
2 GET[]
 []


Underfull \hbox (badness 10000) in paragraph at lines 197--198
[]\TU/lmtt/m/n/12 /quizzes/:id \TU/Helvetica(0)/m/n/12 (with instructor permiss
ions,[]
 []


Underfull \hbox (badness 4291) in paragraph at lines 199--200
[][]\TU/Helvetica(0)/m/n/12 The instructor publishes the quiz via \TU/lmtt/m/n/
12 POST[]
 []


Overfull \hbox (1.30775pt too wide) in paragraph at lines 202--202
[][]|\TU/Helvetica(0)/b/n/12 Postconditions| []
 []


Package fancyhdr Warning: \headheight is too small (12.0pt): 
(fancyhdr)                Make it at least 14.49998pt, for example:
(fancyhdr)                \setlength{\headheight}{14.49998pt}.
(fancyhdr)                You might also make \topmargin smaller:
(fancyhdr)                \addtolength{\topmargin}{-2.49998pt}.

[145]
Underfull \hbox (badness 8056) in paragraph at lines 227--228
[][]\TU/Helvetica(0)/m/n/12 The student requests the lesson via \TU/lmtt/m/n/12
 GET[]
 []


Underfull \hbox (badness 10000) in paragraph at lines 231--232
[][]\TU/Helvetica(0)/m/n/12 The system publishes a \TU/lmtt/m/n/12 LessonComple
ted[]
 []


Underfull \hbox (badness 10000) in paragraph at lines 231--232
[]\TU/Helvetica(0)/m/n/12 event, which triggers streak computa-[]
 []


Underfull \hbox (badness 7667) in paragraph at lines 231--232
[]\TU/Helvetica(0)/m/n/12 tion (via \TU/lmtt/m/n/12 StreakService\TU/Helvetica(
0)/m/n/12 ) and updates the[]
 []


Overfull \hbox (1.30775pt too wide) in paragraph at lines 233--233
[][]|\TU/Helvetica(0)/b/n/12 Postconditions| []
 []


Package fancyhdr Warning: \headheight is too small (12.0pt): 
(fancyhdr)                Make it at least 14.49998pt, for example:
(fancyhdr)                \setlength{\headheight}{14.49998pt}.
(fancyhdr)                You might also make \topmargin smaller:
(fancyhdr)                \addtolength{\topmargin}{-2.49998pt}.

[146]
Underfull \hbox (badness 6032) in paragraph at lines 258--259
[]\TU/lmtt/m/n/12 /courses/:id/discussions \TU/Helvetica(0)/m/n/12 with a title
 and[]
 []


Underfull \hbox (badness 10000) in paragraph at lines 259--260
[][]\TU/Helvetica(0)/m/n/12 Other enrolled students can view[]
 []


Underfull \hbox (badness 10000) in paragraph at lines 259--260
[]\TU/Helvetica(0)/m/n/12 the thread and post replies via \TU/lmtt/m/n/12 POST[
]
 []


Overfull \hbox (1.30775pt too wide) in paragraph at lines 263--263
[][]|\TU/Helvetica(0)/b/n/12 Postconditions| []
 []


Package fancyhdr Warning: \headheight is too small (12.0pt): 
(fancyhdr)                Make it at least 14.49998pt, for example:
(fancyhdr)                \setlength{\headheight}{14.49998pt}.
(fancyhdr)                You might also make \topmargin smaller:
(fancyhdr)                \addtolength{\topmargin}{-2.49998pt}.

[147]

Package fancyhdr Warning: \headheight is too small (12.0pt): 
(fancyhdr)                Make it at least 14.49998pt, for example:
(fancyhdr)                \setlength{\headheight}{14.49998pt}.
(fancyhdr)                You might also make \topmargin smaller:
(fancyhdr)                \addtolength{\topmargin}{-2.49998pt}.

[148]
Underfull \hbox (badness 10000) in paragraph at lines 293--294
[][]\TU/Helvetica(0)/m/n/12 The student can share the[]
 []


Underfull \hbox (badness 10000) in paragraph at lines 293--294
[]\TU/Helvetica(0)/m/n/12 certificate verification link:[]
 []


Overfull \hbox (26.90643pt too wide) in paragraph at lines 293--294
[]\TU/lmtt/m/n/12 https://nexalearn.app/verify/<certificate_id>\TU/Helvetica(0)
/m/n/12 ,[]
 []


Overfull \hbox (1.30775pt too wide) in paragraph at lines 295--295
[][]|\TU/Helvetica(0)/b/n/12 Postconditions| []
 []


Package fancyhdr Warning: \headheight is too small (12.0pt): 
(fancyhdr)                Make it at least 14.49998pt, for example:
(fancyhdr)                \setlength{\headheight}{14.49998pt}.
(fancyhdr)                You might also make \topmargin smaller:
(fancyhdr)                \addtolength{\topmargin}{-2.49998pt}.

[149]

Package fancyhdr Warning: \headheight is too small (12.0pt): 
(fancyhdr)                Make it at least 14.49998pt, for example:
(fancyhdr)                \setlength{\headheight}{14.49998pt}.
(fancyhdr)                You might also make \topmargin smaller:
(fancyhdr)                \addtolength{\topmargin}{-2.49998pt}.

[150]
Underfull \hbox (badness 10000) in paragraph at lines 320--321
[]\TU/Helvetica(0)/m/n/12 via \TU/lmtt/m/n/12 GET /analytics/instructor/dashboa
rd\TU/Helvetica(0)/m/n/12 .[]
 []


Overfull \hbox (1.30775pt too wide) in paragraph at lines 332--332
[][]|\TU/Helvetica(0)/b/n/12 Postconditions| []
 []


Package fancyhdr Warning: \headheight is too small (12.0pt): 
(fancyhdr)                Make it at least 14.49998pt, for example:
(fancyhdr)                \setlength{\headheight}{14.49998pt}.
(fancyhdr)                You might also make \topmargin smaller:
(fancyhdr)                \addtolength{\topmargin}{-2.49998pt}.

[151])

Package fancyhdr Warning: \headheight is too small (12.0pt): 
(fancyhdr)                Make it at least 14.49998pt, for example:
(fancyhdr)                \setlength{\headheight}{14.49998pt}.
(fancyhdr)                You might also make \topmargin smaller:
(fancyhdr)                \addtolength{\topmargin}{-2.49998pt}.

[152]
\openout2 = `AppendixC/AppendixC.aux'.

 (./AppendixC/AppendixC.tex
Appendix C.
File: images/swagger_placeholder.png Graphic file (type bmp)
<images/swagger_placeholder.png>
[153





]

Package fancyhdr Warning: \headheight is too small (12.0pt): 
(fancyhdr)                Make it at least 14.49998pt, for example:
(fancyhdr)                \setlength{\headheight}{14.49998pt}.
(fancyhdr)                You might also make \topmargin smaller:
(fancyhdr)                \addtolength{\topmargin}{-2.49998pt}.

[154]

Package fancyhdr Warning: \headheight is too small (12.0pt): 
(fancyhdr)                Make it at least 14.49998pt, for example:
(fancyhdr)                \setlength{\headheight}{14.49998pt}.
(fancyhdr)                You might also make \topmargin smaller:
(fancyhdr)                \addtolength{\topmargin}{-2.49998pt}.

[155]

Package fancyhdr Warning: \headheight is too small (12.0pt): 
(fancyhdr)                Make it at least 14.49998pt, for example:
(fancyhdr)                \setlength{\headheight}{14.49998pt}.
(fancyhdr)                You might also make \topmargin smaller:
(fancyhdr)                \addtolength{\topmargin}{-2.49998pt}.

[156]

Package fancyhdr Warning: \headheight is too small (12.0pt): 
(fancyhdr)                Make it at least 14.49998pt, for example:
(fancyhdr)                \setlength{\headheight}{14.49998pt}.
(fancyhdr)                You might also make \topmargin smaller:
(fancyhdr)                \addtolength{\topmargin}{-2.49998pt}.

[157]

Package fancyhdr Warning: \headheight is too small (12.0pt): 
(fancyhdr)                Make it at least 14.49998pt, for example:
(fancyhdr)                \setlength{\headheight}{14.49998pt}.
(fancyhdr)                You might also make \topmargin smaller:
(fancyhdr)                \addtolength{\topmargin}{-2.49998pt}.

[158]

Package fancyhdr Warning: \headheight is too small (12.0pt): 
(fancyhdr)                Make it at least 14.49998pt, for example:
(fancyhdr)                \setlength{\headheight}{14.49998pt}.
(fancyhdr)                You might also make \topmargin smaller:
(fancyhdr)                \addtolength{\topmargin}{-2.49998pt}.

[159]

Package fancyhdr Warning: \headheight is too small (12.0pt): 
(fancyhdr)                Make it at least 14.49998pt, for example:
(fancyhdr)                \setlength{\headheight}{14.49998pt}.
(fancyhdr)                You might also make \topmargin smaller:
(fancyhdr)                \addtolength{\topmargin}{-2.49998pt}.

[160]

Package fancyhdr Warning: \headheight is too small (12.0pt): 
(fancyhdr)                Make it at least 14.49998pt, for example:
(fancyhdr)                \setlength{\headheight}{14.49998pt}.
(fancyhdr)                You might also make \topmargin smaller:
(fancyhdr)                \addtolength{\topmargin}{-2.49998pt}.

[161])

Package fancyhdr Warning: \headheight is too small (12.0pt): 
(fancyhdr)                Make it at least 14.49998pt, for example:
(fancyhdr)                \setlength{\headheight}{14.49998pt}.
(fancyhdr)                You might also make \topmargin smaller:
(fancyhdr)                \addtolength{\topmargin}{-2.49998pt}.

[162]
\openout2 = `AppendixD/AppendixD.aux'.

 (./AppendixD/AppendixD.tex
Appendix D.
[163





]

Package fancyhdr Warning: \headheight is too small (12.0pt): 
(fancyhdr)                Make it at least 14.49998pt, for example:
(fancyhdr)                \setlength{\headheight}{14.49998pt}.
(fancyhdr)                You might also make \topmargin smaller:
(fancyhdr)                \addtolength{\topmargin}{-2.49998pt}.

[164]

Package fancyhdr Warning: \headheight is too small (12.0pt): 
(fancyhdr)                Make it at least 14.49998pt, for example:
(fancyhdr)                \setlength{\headheight}{14.49998pt}.
(fancyhdr)                You might also make \topmargin smaller:
(fancyhdr)                \addtolength{\topmargin}{-2.49998pt}.

[165]

Package fancyhdr Warning: \headheight is too small (12.0pt): 
(fancyhdr)                Make it at least 14.49998pt, for example:
(fancyhdr)                \setlength{\headheight}{14.49998pt}.
(fancyhdr)                You might also make \topmargin smaller:
(fancyhdr)                \addtolength{\topmargin}{-2.49998pt}.

[166]

Package fancyhdr Warning: \headheight is too small (12.0pt): 
(fancyhdr)                Make it at least 14.49998pt, for example:
(fancyhdr)                \setlength{\headheight}{14.49998pt}.
(fancyhdr)                You might also make \topmargin smaller:
(fancyhdr)                \addtolength{\topmargin}{-2.49998pt}.

[167]

Package fancyhdr Warning: \headheight is too small (12.0pt): 
(fancyhdr)                Make it at least 14.49998pt, for example:
(fancyhdr)                \setlength{\headheight}{14.49998pt}.
(fancyhdr)                You might also make \topmargin smaller:
(fancyhdr)                \addtolength{\topmargin}{-2.49998pt}.

[168]

Package fancyhdr Warning: \headheight is too small (12.0pt): 
(fancyhdr)                Make it at least 14.49998pt, for example:
(fancyhdr)                \setlength{\headheight}{14.49998pt}.
(fancyhdr)                You might also make \topmargin smaller:
(fancyhdr)                \addtolength{\topmargin}{-2.49998pt}.

[169]

Package fancyhdr Warning: \headheight is too small (12.0pt): 
(fancyhdr)                Make it at least 14.49998pt, for example:
(fancyhdr)                \setlength{\headheight}{14.49998pt}.
(fancyhdr)                You might also make \topmargin smaller:
(fancyhdr)                \addtolength{\topmargin}{-2.49998pt}.

[170])

Package fancyhdr Warning: \headheight is too small (12.0pt): 
(fancyhdr)                Make it at least 14.49998pt, for example:
(fancyhdr)                \setlength{\headheight}{14.49998pt}.
(fancyhdr)                You might also make \topmargin smaller:
(fancyhdr)                \addtolength{\topmargin}{-2.49998pt}.

[171]
\openout2 = `AppendixE/AppendixE.aux'.

 (./AppendixE/AppendixE.tex
Appendix E.
[172





]

Package fancyhdr Warning: \headheight is too small (12.0pt): 
(fancyhdr)                Make it at least 14.49998pt, for example:
(fancyhdr)                \setlength{\headheight}{14.49998pt}.
(fancyhdr)                You might also make \topmargin smaller:
(fancyhdr)                \addtolength{\topmargin}{-2.49998pt}.

[173]
Overfull \hbox (120.82993pt too wide) in paragraph at lines 59--74
 [][][][] 
 []


Underfull \hbox (badness 10000) in paragraph at lines 98--99
[][]|\TU/Helvetica(0)/m/n/10.95 System architecture diagram,[]
 []


Underfull \hbox (badness 10000) in paragraph at lines 98--99
[]\TU/Helvetica(0)/m/n/10.95 module dependency graph,[]
 []


Underfull \hbox (badness 10000) in paragraph at lines 99--100
[][]|\TU/Helvetica(0)/m/n/10.95 Prisma schema[]
 []


Underfull \hbox (badness 10000) in paragraph at lines 99--100
[]\TU/Helvetica(0)/m/n/10.95 (\TU/lmtt/m/n/10.95 schema.prisma\TU/Helvetica(0)/
m/n/10.95 ), migration[]
 []


Underfull \hbox (badness 3364) in paragraph at lines 101--102
[][]|\TU/Helvetica(0)/m/n/10.95 Course CRUD, module/lesson[]
 []


Underfull \hbox (badness 10000) in paragraph at lines 101--102
[]\TU/Helvetica(0)/m/n/10.95 hierarchy, category manage-[]
 []


Underfull \hbox (badness 2005) in paragraph at lines 102--103
[][]|\TU/Helvetica(0)/m/n/10.95 Mux upload integration, video[]
 []


Underfull \hbox (badness 2617) in paragraph at lines 102--103
[]\TU/Helvetica(0)/m/n/10.95 asset lifecycle, HLS playback[]
 []


Underfull \hbox (badness 7869) in paragraph at lines 103--104
[][]|\TU/Helvetica(0)/m/n/10.95 Quiz CRUD, question types,[]
 []


Underfull \hbox (badness 3343) in paragraph at lines 107--108
[]\TU/Helvetica(0)/m/n/10.95 processing, enrollment activa-[]
 []


Underfull \hbox (badness 4595) in paragraph at lines 110--111
[][]|\TU/Helvetica(0)/m/n/10.95 PDF generation, S3 storage,[]
 []


Underfull \hbox (badness 5091) in paragraph at lines 112--113
[][]|\TU/Helvetica(0)/m/n/10.95 Jest test suite, Testcontainer[]
 []


Underfull \hbox (badness 4217) in paragraph at lines 116--117
[][]|\TU/Helvetica(0)/m/n/10.95 Graduation project book (this[]
 []


Overfull \hbox (28.2658pt too wide) in paragraph at lines 91--119
 [][][][] 
 []


Package fancyhdr Warning: \headheight is too small (12.0pt): 
(fancyhdr)                Make it at least 14.49998pt, for example:
(fancyhdr)                \setlength{\headheight}{14.49998pt}.
(fancyhdr)                You might also make \topmargin smaller:
(fancyhdr)                \addtolength{\topmargin}{-2.49998pt}.

[174]
Overfull \vbox (146.31625pt too high) has occurred while \output is active []



Package fancyhdr Warning: \headheight is too small (12.0pt): 
(fancyhdr)                Make it at least 14.49998pt, for example:
(fancyhdr)                \setlength{\headheight}{14.49998pt}.
(fancyhdr)                You might also make \topmargin smaller:
(fancyhdr)                \addtolength{\topmargin}{-2.49998pt}.

[175]
Overfull \hbox (5.10426pt too wide) in paragraph at lines 131--131
[][]|\TU/Helvetica(0)/b/n/12 Probability| []
 []


Overfull \hbox (167.73972pt too wide) in alignment at lines 128--133
 [] [] [] [] 
 []


Overfull \hbox (167.73972pt too wide) in alignment at lines 133--135
 [] [] [] [] 
 []


Underfull \hbox (badness 10000) in paragraph at lines 136--137
[][]|\TU/Helvetica(0)/m/n/12 API version pinning[]
 []


Underfull \hbox (badness 5345) in paragraph at lines 136--137
[]\TU/Helvetica(0)/m/n/12 are wrapped in adapter[]
 []


Underfull \hbox (badness 2261) in paragraph at lines 136--137
[]\TU/Helvetica(0)/m/n/12 classes that can be up-[]
 []


Underfull \hbox (badness 10000) in paragraph at lines 136--137
[]\TU/Helvetica(0)/m/n/12 dated independently of[]
 []


Underfull \hbox (badness 3407) in paragraph at lines 136--137
[]\TU/Helvetica(0)/m/n/12 tests verify API contract[]
 []


Underfull \hbox (badness 10000) in paragraph at lines 138--139
[][]|\TU/Helvetica(0)/m/n/12 PostgreSQL connection[]
 []


Underfull \hbox (badness 10000) in paragraph at lines 138--139
[]\TU/Helvetica(0)/m/n/12 pooling via PgBouncer.[]
 []


Underfull \hbox (badness 6284) in paragraph at lines 138--139
[]\TU/Helvetica(0)/m/n/12 tion using Prisma’s \TU/lmtt/m/n/12 raw[]
 []


Underfull \hbox (badness 2469) in paragraph at lines 140--141
[][]|\TU/Helvetica(0)/m/n/12 Asynchronous processing[]
 []


Underfull \hbox (badness 6658) in paragraph at lines 142--143
[]\TU/Helvetica(0)/m/n/12 eterised queries prevent[]
 []


Underfull \hbox (badness 3138) in paragraph at lines 144--145
[][]|\TU/Helvetica(0)/m/n/12 Strict prioritisation: core[]
 []


Underfull \hbox (badness 10000) in paragraph at lines 144--145
[]\TU/Helvetica(0)/m/n/12 Courses, Assessment),[]
 []


Underfull \hbox (badness 4132) in paragraph at lines 144--145
[]\TU/Helvetica(0)/m/n/12 analytics and certificates[]
 []


Underfull \hbox (badness 2293) in paragraph at lines 144--145
[]\TU/Helvetica(0)/m/n/12 to minimum viable prod-[]
 []


Underfull \hbox (badness 6691) in paragraph at lines 148--149
[][]|\TU/Helvetica(0)/m/n/12 Multi-stage Docker build[]
 []


Underfull \hbox (badness 10000) in paragraph at lines 148--149
[]\TU/Helvetica(0)/m/n/12 with distroless produc-[]
 []


Underfull \hbox (badness 7981) in paragraph at lines 148--149
[]\TU/Helvetica(0)/m/n/12 tion image (final image[]
 []


Underfull \hbox (badness 2875) in paragraph at lines 148--149
[]\TU/Helvetica(0)/m/n/12 size: 180 MB). Node.js[]
 []


Underfull \hbox (badness 2261) in paragraph at lines 148--149
[]\TU/Helvetica(0)/m/n/12 22 startup time under 2[]
 []


Underfull \hbox (badness 3803) in paragraph at lines 148--149
[]\TU/Helvetica(0)/m/n/12 seconds. Docker layer[]
 []


Underfull \hbox (badness 10000) in paragraph at lines 150--151
[][]|\TU/Helvetica(0)/m/n/12 At-least-once handling[]
 []


Underfull \hbox (badness 10000) in paragraph at lines 150--151
[]\TU/Helvetica(0)/m/n/12 with idempotency via[]
 []


Underfull \hbox (badness 10000) in paragraph at lines 150--151
[]\TU/lmtt/m/n/12 ProjectionEventLedger\TU/Helvetica(0)/m/n/12 .[]
 []


Underfull \hbox (badness 10000) in paragraph at lines 150--151
[]\TU/Helvetica(0)/m/n/12 Retry with exponential[]
 []


Underfull \hbox (badness 10000) in paragraph at lines 150--151
[]\TU/Helvetica(0)/m/n/12 backoff (3 attempts).[]
 []


Underfull \hbox (badness 10000) in paragraph at lines 150--151
[]\TU/Helvetica(0)/m/n/12 Dead-letter queue for[]
 []


Underfull \hbox (badness 2990) in paragraph at lines 150--151
[]\TU/Helvetica(0)/m/n/12 events that exceed max[]
 []


Underfull \hbox (badness 5756) in paragraph at lines 150--151
[]\TU/Helvetica(0)/m/n/12 retries. Manual replay[]
 []


Overfull \hbox (167.73972pt too wide) in alignment at lines 135--152
 [] [] [] [] 
 []


Package fancyhdr Warning: \headheight is too small (12.0pt): 
(fancyhdr)                Make it at least 14.49998pt, for example:
(fancyhdr)                \setlength{\headheight}{14.49998pt}.
(fancyhdr)                You might also make \topmargin smaller:
(fancyhdr)                \addtolength{\topmargin}{-2.49998pt}.

[176]

Package fancyhdr Warning: \headheight is too small (12.0pt): 
(fancyhdr)                Make it at least 14.49998pt, for example:
(fancyhdr)                \setlength{\headheight}{14.49998pt}.
(fancyhdr)                You might also make \topmargin smaller:
(fancyhdr)                \addtolength{\topmargin}{-2.49998pt}.

[177])

Package fancyhdr Warning: \headheight is too small (12.0pt): 
(fancyhdr)                Make it at least 14.49998pt, for example:
(fancyhdr)                \setlength{\headheight}{14.49998pt}.
(fancyhdr)                You might also make \topmargin smaller:
(fancyhdr)                \addtolength{\topmargin}{-2.49998pt}.

[178]

Package caption Warning: Unused \captionsetup[sub] on input line 52.
See the caption package documentation for explanation.

(./main.aux (./Chapter1/Chapter1.aux) (./Chapter2/Chapter2.aux)
(./Chapter3/Chapter3.aux) (./Chapter4/Chapter4.aux) (./Chapter5/Chapter5.aux)
(./Chapter6/Chapter6.aux) (./AppendixA/AppendixA.aux)
(./AppendixB/AppendixB.aux) (./AppendixC/AppendixC.aux)
(./AppendixD/AppendixD.aux) (./AppendixE/AppendixE.aux))
 ***********
LaTeX2e <2025-11-01>
L3 programming layer <2026-01-19>
 ***********


LaTeX Warning: There were multiply-defined labels.

Package rerunfilecheck Info: File `main.out' has not changed.
(rerunfilecheck)             Checksum: CD779E08E98FCA492C749D54BAED2530;52444.
Package logreq Info: Writing requests to 'main.run.xml'.
\openout1 = `main.run.xml'.

 ) 
Here is how much of TeX's memory you used:
 28822 strings out of 468168
 590814 string characters out of 5432815
 1726064 words of memory out of 5000000
 56899 multiletter control sequences out of 15000+600000
 633573 words of font info for 100 fonts, out of 8000000 for 9000
 1348 hyphenation exceptions out of 8191
 87i,12n,95p,1806b,5046s stack positions out of 10000i,1000n,20000p,200000b,200000s

Output written on main.pdf (199 pages).
